folder,file,system_track_id,label,label_raw,label_source
Demo-0,tracks_2019-10-11T134524-R1.xlsx,6,UAV,UAV,manual annotation
Demo-0,tracks_2019-10-11T134524-R1.xlsx,25,BIRD,Bird,manual annotation
Demo-0,tracks_2019-10-11T134524-R1.xlsx,84,BIRD,Bird,manual annotation
Demo-0,tracks_2019-10-11T134524-R1.xlsx,232,BIRD,Bird,manual annotation
Demo-0,tracks_2019-10-11T134524-R1.xlsx,234,BIRD,Bird,manual annotation
Demo-0,tracks_2019-10-11T134524-R1.xlsx,264,BIRD,Bird,manual annotation
Demo-0,tracks_2019-10-11T134524-R1.xlsx,401,BIRD,Bird,manual annotation
Demo-0,tracks_2019-10-11T134524-R1.xlsx,400,BIRD,Bird,manual annotation
Demo-0,tracks_2019-10-11T134524-R1.xlsx,767,BIRD,Bird,manual annotation
Demo-0,tracks_2019-10-11T134524-R1.xlsx,771,BIRD,Bird,manual annotation
Demo-0,tracks_2019-10-11T134524-R1.xlsx,783,BIRD,Bird,manual annotation
Demo-0,tracks_2019-10-11T135549-R1.xlsx,20,UAV,UAV,manual annotation
Demo-0,tracks_2019-10-11T135549-R2.xlsx,12,UAV,UAV,manual annotation
Demo-0,tracks_2019-10-11T141104-R1.xlsx,29,UAV,UAV,manual annotation
Demo-0,tracks_2019-10-11T141104-R1.xlsx,113,BIRD,Bird,manual annotation
Demo-0,tracks_2019-10-11T141104-R1.xlsx,171,BIRD,Bird,manual annotation
Demo-0,tracks_2019-10-11T141819-R1.xlsx,15,UAV,UAV,manual annotation
Demo-0,tracks_2019-10-11T141819-R2.xlsx,13,UAV,UAV,manual annotation
Demo-0,tracks_2019-10-11T141819-R2.xlsx,29,BIRD,Bird,manual annotation
Demo-0,tracks_2019-10-11T141819-R2.xlsx,38,BIRD,Bird,manual annotation
Demo-0,tracks_2019-10-11T141819-R2.xlsx,39,BIRD,Bird,manual annotation
Demo-0,tracks_2019-10-11T141819-R2.xlsx,50,BIRD,Bird,manual annotation
Demo-0,tracks_2019-10-11T141819-R2.xlsx,54,BIRD,Bird,manual annotation
Demo-0,tracks_2019-10-11T141819-R2.xlsx,223,BIRD,Bird,manual annotation
Demo-0,tracks_2019-10-11T141819-R2.xlsx,282,UAV,UAV,manual annotation
Demo-0,tracks_2019-10-11T141819-R2.xlsx,286,BIRD,Bird,manual annotation
Demo-0,tracks_2019-10-11T141819-R2.xlsx,285,BIRD,Bird,manual annotation
Demo-0,tracks_2019-10-11T141819-R2.xlsx,307,BIRD,Bird,manual annotation
Demo-0,tracks_2019-10-11T141819-R2.xlsx,432,UAV,UAV,manual annotation
Demo-0,tracks_2019-10-11T141819-R2.xlsx,468,BIRD,Bird,manual annotation
Demo-0,tracks_2019-10-11T141819-R2.xlsx,460,BIRD,Bird,manual annotation
Demo-0,tracks_2019-10-11T141819-R2.xlsx,476,BIRD,Bird,manual annotation
Demo-0,tracks_2019-10-11T141819-R2.xlsx,482,BIRD,Bird,manual annotation
Demo-0,tracks_2019-10-11T141819-R2.xlsx,483,BIRD,Bird,manual annotation
Demo-0,tracks_2019-10-11T141819-R2.xlsx,496,BIRD,Bird,manual annotation
Demo-0,tracks_2019-10-11T141819-R2.xlsx,493,BIRD,Bird,manual annotation
Demo-0,tracks_2019-10-11T141819-R2.xlsx,500,BIRD,Bird,manual annotation
Demo-0,tracks_2019-10-11T141819-R2.xlsx,660,BIRD,Bird,manual annotation
Demo-0,tracks_2019-10-11T141819-R2.xlsx,694,UAV,UAV,manual annotation
Demo-0,tracks_2019-10-11T141819-R2.xlsx,719,BIRD,Bird,manual annotation
Demo-0,tracks_2019-10-11T141819-R2.xlsx,797,BIRD,Bird,manual annotation
Demo-0,tracks_2019-10-11T141819-R2.xlsx,867,BIRD,Bird,manual annotation
Demo-0,tracks_2019-10-11T141819-R2.xlsx,868,BIRD,Bird,manual annotation
Demo-0,tracks_2019-10-11T141819-R2.xlsx,884,BIRD,Bird,manual annotation
Demo-0,tracks_2019-10-11T141819-R2.xlsx,898,BIRD,Bird,manual annotation
Demo-0,tracks_2019-10-11T141819-R2.xlsx,899,BIRD,Bird,manual annotation
Demo-0,tracks_2019-10-11T141819-R2.xlsx,905,BIRD,Bird,manual annotation
Demo-0,tracks_2019-10-11T141819-R2.xlsx,923,BIRD,Bird,manual annotation
Demo-0,tracks_2019-10-11T141819-R2.xlsx,934,BIRD,Bird,manual annotation
Demo-0,tracks_2019-10-11T141819-R2.xlsx,1030,BIRD,Bird,manual annotation
Demo-0,tracks_2019-10-11T141819-R2.xlsx,1095,UAV,UAV,manual annotation
Demo-0,tracks_2019-10-11T141819-R2.xlsx,1134,BIRD,Bird,manual annotation
Demo-0,tracks_2019-10-11T141819-R2.xlsx,1194,UAV,UAV,manual annotation
Demo-0,tracks_2019-10-11T141819-R2.xlsx,1196,BIRD,Bird,manual annotation
Demo-0,tracks_2019-10-11T141819-R2.xlsx,1206,BIRD,Bird,manual annotation
Demo-0,tracks_2019-10-11T141819-R2.xlsx,1204,BIRD,Bird,manual annotation
Demo-0,tracks_2019-10-11T141819-R2.xlsx,1207,BIRD,Bird,manual annotation
Demo-0,tracks_2019-10-11T141819-R2.xlsx,1257,BIRD,Bird,manual annotation
Demo-0,tracks_2019-10-11T143819-R1.xlsx,23,BIRD,Bird,manual annotation
Demo-0,tracks_2019-10-11T143819-R2.xlsx,7,BIRD,Bird,manual annotation
Demo-0,tracks_2019-10-11T143819-R2.xlsx,16,BIRD,Bird,manual annotation
Demo-0,tracks_2019-10-11T145007-R1.xlsx,0,BIRD,Bird,manual annotation
Demo-0,tracks_2019-10-11T145007-R1.xlsx,2,BIRD,Bird,manual annotation
Demo-0,tracks_2019-10-11T145007-R1.xlsx,1,BIRD,Bird,manual annotation
Demo-0,tracks_2019-10-11T145007-R1.xlsx,4,BIRD,Bird,manual annotation
Demo-0,tracks_2019-10-11T145007-R1.xlsx,8,BIRD,Bird,manual annotation
Demo-0,tracks_2019-10-11T145007-R1.xlsx,13,BIRD,Bird,manual annotation
Demo-0,tracks_2019-10-11T145007-R1.xlsx,36,BIRD,Bird,manual annotation
Demo-0,tracks_2019-10-11T145007-R1.xlsx,37,BIRD,Bird,manual annotation
Demo-0,tracks_2019-10-11T145007-R1.xlsx,51,BIRD,Bird,manual annotation
Demo-0,tracks_2019-10-11T145007-R1.xlsx,168,BIRD,Bird,manual annotation
Demo-0,tracks_2019-10-11T145007-R1.xlsx,172,BIRD,Bird,manual annotation
Demo-0,tracks_2019-10-11T145007-R1.xlsx,196,BIRD,Bird,manual annotation
Demo-0,tracks_2019-10-11T145007-R1.xlsx,219,BIRD,Bird,manual annotation
Demo-0,tracks_2019-10-11T145007-R1.xlsx,279,BIRD,Bird,manual annotation
Demo-0,tracks_2019-10-11T145007-R1.xlsx,331,BIRD,Bird,manual annotation
Demo-0,tracks_2019-10-11T145007-R1.xlsx,663,BIRD,Bird,manual annotation
Demo-0,tracks_2019-10-11T145007-R1.xlsx,692,BIRD,Bird,manual annotation
Demo-0,tracks_2019-10-11T145007-R1.xlsx,910,BIRD,Bird,manual annotation
Demo-0,tracks_2019-10-11T145007-R1.xlsx,1393,BIRD,Bird,manual annotation
Demo-0,tracks_2019-10-11T145007-R1.xlsx,1394,BIRD,Bird,manual annotation
Demo-0,tracks_2019-10-11T145007-R1.xlsx,1442,BIRD,Bird,manual annotation
Demo-0,tracks_2019-10-11T145007-R2.xlsx,0,BIRD,Bird,manual annotation
Demo-0,tracks_2019-10-11T145007-R2.xlsx,1,BIRD,Bird,manual annotation
Demo-0,tracks_2019-10-11T145007-R2.xlsx,2,BIRD,Bird,manual annotation
Demo-0,tracks_2019-10-11T145007-R2.xlsx,4,BIRD,Bird,manual annotation
Demo-0,tracks_2019-10-11T145007-R2.xlsx,18,BIRD,Bird,manual annotation
Demo-0,tracks_2019-10-11T145007-R2.xlsx,41,BIRD,Bird,manual annotation
Demo-0,tracks_2019-10-11T145007-R2.xlsx,109,BIRD,Bird,manual annotation
Demo-0,tracks_2019-10-11T145007-R2.xlsx,127,BIRD,Bird,manual annotation
Demo-0,tracks_2019-10-11T145007-R2.xlsx,209,BIRD,Bird,manual annotation
Demo-0,tracks_2019-10-11T145007-R2.xlsx,515,BIRD,Bird,manual annotation
Demo-0,tracks_2019-10-11T145007-R2.xlsx,669,BIRD,Bird,manual annotation
Demo-0,tracks_2019-10-11T145007-R2.xlsx,1052,BIRD,Bird,manual annotation
Demo-0,tracks_2019-10-11T145007-R2.xlsx,1369,UAV,UAV,manual annotation
Demo-0,tracks_2019-10-11T145007-R2.xlsx,1519,BIRD,Bird,manual annotation
Demo-0,tracks_2019-10-11T154035-R1.xlsx,0,UAV,UAV,manual annotation
Demo-0,tracks_2019-10-11T154035-R1.xlsx,187,UNKNOWN,Unknown,manual annotation
Demo-0,tracks_2019-10-11T154035-R1.xlsx,261,UNKNOWN,Unknown,manual annotation
Demo-0,tracks_2019-10-11T154331-R1.xlsx,0,BIRD,Bird,manual annotation
Demo-0,tracks_2019-10-11T154331-R1.xlsx,9,BIRD,Bird,manual annotation
Demo-0,tracks_2019-10-11T154331-R1.xlsx,42,BIRD,Bird,manual annotation
Demo-0,tracks_2019-10-11T154331-R1.xlsx,76,BIRD,Bird,manual annotation
Demo-0,tracks_2019-10-11T154331-R1.xlsx,119,BIRD,Bird,manual annotation
Demo-0,tracks_2019-10-11T154331-R1.xlsx,136,BIRD,Bird,manual annotation
Demo-0,tracks_2019-10-11T154331-R1.xlsx,267,UAV,UAV,manual annotation
Demo-0,tracks_2019-10-11T154331-R1.xlsx,435,UAV,UAV,manual annotation
Demo-0,tracks_2019-10-11T154331-R1.xlsx,457,BIRD,Bird,manual annotation
Demo-0,tracks_2019-10-11T154331-R1.xlsx,736,BIRD,Bird,manual annotation
Demo-0,tracks_2019-10-11T154331-R1.xlsx,765,UAV,UAV,manual annotation
Demo-0,tracks_2019-10-11T154331-R1.xlsx,1182,BIRD,Bird,manual annotation
Demo-0,tracks_2019-10-11T154331-R1.xlsx,1184,BIRD,Bird,manual annotation
Demo-0,tracks_2019-10-11T154331-R1.xlsx,1189,BIRD,Bird,manual annotation
Demo-0,tracks_2019-10-11T154331-R1.xlsx,1194,BIRD,Bird,manual annotation
Demo-0,tracks_2019-10-11T154331-R1.xlsx,1209,BIRD,Bird,manual annotation
Demo-0,tracks_2019-10-11T154331-R1.xlsx,1230,BIRD,Bird,manual annotation
Demo-0,tracks_2019-10-11T154331-R1.xlsx,1240,BIRD,Bird,manual annotation
Demo-0,tracks_2019-10-11T154331-R1.xlsx,1247,BIRD,Bird,manual annotation
Demo-0,tracks_2019-10-11T154331-R1.xlsx,1250,UAV,UAV,manual annotation
Demo-0,tracks_2019-10-11T154331-R1.xlsx,1278,BIRD,Bird,manual annotation
Demo-0,tracks_2019-10-11T154331-R1.xlsx,1369,UAV,UAV,manual annotation
Demo-0,tracks_2019-10-11T154331-R1.xlsx,1402,BIRD,Bird,manual annotation
Demo-0,tracks_2019-10-11T154331-R1.xlsx,1422,BIRD,Bird,manual annotation
Demo-0,tracks_2019-10-11T154331-R1.xlsx,1469,BIRD,Bird,manual annotation
Demo-0,tracks_2019-10-11T154331-R1.xlsx,1607,BIRD,Bird,manual annotation
Demo-0,tracks_2019-10-11T154331-R1.xlsx,1623,BIRD,Bird,manual annotation
Demo-0,tracks_2019-10-11T154331-R1.xlsx,1625,BIRD,Bird,manual annotation
Demo-0,tracks_2019-10-11T154331-R1.xlsx,1667,BIRD,Bird,manual annotation
Demo-0,tracks_2019-10-11T154331-R1.xlsx,1701,BIRD,Bird,manual annotation
Demo-0,tracks_2019-10-11T154331-R1.xlsx,1712,BIRD,Bird,manual annotation
Demo-0,tracks_2019-10-11T154331-R1.xlsx,1721,BIRD,Bird,manual annotation
Demo-0,tracks_2019-10-11T154331-R1.xlsx,1726,BIRD,Bird,manual annotation
Demo-0,tracks_2019-10-11T154331-R1.xlsx,1732,BIRD,Bird,manual annotation
Demo-0,tracks_2019-10-11T154331-R1.xlsx,1738,BIRD,Bird,manual annotation
Demo-0,tracks_2019-10-11T154331-R1.xlsx,1735,BIRD,Bird,manual annotation
Demo-0,tracks_2019-10-11T154331-R1.xlsx,1742,BIRD,Bird,manual annotation
Demo-0,tracks_2019-10-11T154331-R1.xlsx,1747,BIRD,Bird,manual annotation
Demo-0,tracks_2019-10-11T154331-R1.xlsx,1750,BIRD,Bird,manual annotation
Demo-0,tracks_2019-10-11T154331-R1.xlsx,1760,BIRD,Bird,manual annotation
Demo-0,tracks_2019-10-11T154331-R1.xlsx,1759,BIRD,Bird,manual annotation
Demo-0,tracks_2019-10-11T154331-R1.xlsx,1761,BIRD,Bird,manual annotation
Demo-0,tracks_2019-10-11T154331-R1.xlsx,1763,BIRD,Bird,manual annotation
Demo-0,tracks_2019-10-11T154331-R1.xlsx,1780,BIRD,Bird,manual annotation
Demo-0,tracks_2019-10-11T154331-R1.xlsx,1781,BIRD,Bird,manual annotation
Demo-0,tracks_2019-10-11T154331-R1.xlsx,1790,BIRD,Bird,manual annotation
Demo-0,tracks_2019-10-11T154331-R1.xlsx,1808,BIRD,Bird,manual annotation
Demo-0,tracks_2019-10-11T154331-R1.xlsx,1809,BIRD,Bird,manual annotation
Demo-0,tracks_2019-10-11T154331-R1.xlsx,1813,BIRD,Bird,manual annotation
Demo-0,tracks_2019-10-11T154331-R1.xlsx,1820,BIRD,Bird,manual annotation
Demo-0,tracks_2019-10-11T154331-R1.xlsx,1828,BIRD,Bird,manual annotation
Demo-0,tracks_2019-10-11T154331-R1.xlsx,1839,BIRD,Bird,manual annotation
Demo-0,tracks_2019-10-11T154331-R1.xlsx,1843,BIRD,Bird,manual annotation
Demo-0,tracks_2019-10-11T154331-R1.xlsx,1850,BIRD,Bird,manual annotation
Demo-0,tracks_2019-10-11T154331-R1.xlsx,1847,BIRD,Bird,manual annotation
Demo-0,tracks_2019-10-11T154331-R1.xlsx,1860,BIRD,Bird,manual annotation
Demo-0,tracks_2019-10-11T154331-R1.xlsx,1867,BIRD,Bird,manual annotation
Demo-0,tracks_2019-10-11T154331-R1.xlsx,1870,BIRD,Bird,manual annotation
Demo-0,tracks_2019-10-11T154331-R1.xlsx,1878,BIRD,Bird,manual annotation
Demo-0,tracks_2019-10-11T154331-R1.xlsx,1880,BIRD,Bird,manual annotation
Demo-0,tracks_2019-10-11T154331-R1.xlsx,1885,BIRD,Bird,manual annotation
Demo-0,tracks_2019-10-11T154331-R1.xlsx,1891,BIRD,Bird,manual annotation
Demo-0,tracks_2019-10-11T154331-R1.xlsx,1895,BIRD,Bird,manual annotation
Demo-0,tracks_2019-10-11T154331-R1.xlsx,1898,BIRD,Bird,manual annotation
Demo-0,tracks_2019-10-11T154331-R1.xlsx,1902,BIRD,Bird,manual annotation
Demo-0,tracks_2019-10-11T154331-R1.xlsx,1906,BIRD,Bird,manual annotation
Demo-0,tracks_2019-10-11T154331-R1.xlsx,1911,BIRD,Bird,manual annotation
Demo-0,tracks_2019-10-11T154331-R1.xlsx,1928,BIRD,Bird,manual annotation
Demo-0,tracks_2019-10-11T154331-R1.xlsx,1927,BIRD,Bird,manual annotation
Demo-0,tracks_2019-10-11T154331-R1.xlsx,1933,BIRD,Bird,manual annotation
Demo-0,tracks_2019-10-11T154331-R1.xlsx,1940,BIRD,Bird,manual annotation
Demo-0,tracks_2019-10-11T154331-R1.xlsx,1944,BIRD,Bird,manual annotation
Demo-0,tracks_2019-10-11T154331-R1.xlsx,1958,BIRD,Bird,manual annotation
Demo-0,tracks_2019-10-11T154331-R1.xlsx,1962,BIRD,Bird,manual annotation
Demo-0,tracks_2019-10-11T154331-R1.xlsx,2003,BIRD,Bird,manual annotation
Demo-0,tracks_2019-10-11T154331-R1.xlsx,2006,BIRD,Bird,manual annotation
Demo-0,tracks_2019-10-11T154331-R1.xlsx,2027,BIRD,Bird,manual annotation
Demo-0,tracks_2019-10-11T154331-R1.xlsx,2039,BIRD,Bird,manual annotation
Demo-0,tracks_2019-10-11T154331-R1.xlsx,2040,BIRD,Bird,manual annotation
Demo-0,tracks_2019-10-11T154331-R1.xlsx,2044,BIRD,Bird,manual annotation
Demo-0,tracks_2019-10-11T154331-R1.xlsx,2064,BIRD,Bird,manual annotation
Demo-0,tracks_2019-10-11T154331-R1.xlsx,2076,BIRD,Bird,manual annotation
Demo-0,tracks_2019-10-11T154331-R1.xlsx,2080,BIRD,Bird,manual annotation
Demo-0,tracks_2019-10-11T154331-R1.xlsx,2079,BIRD,Bird,manual annotation
Demo-0,tracks_2019-10-11T154331-R1.xlsx,2093,BIRD,Bird,manual annotation
Demo-0,tracks_2019-10-11T154331-R1.xlsx,2091,BIRD,Bird,manual annotation
Demo-0,tracks_2019-10-11T154331-R1.xlsx,2097,BIRD,Bird,manual annotation
Demo-0,tracks_2019-10-11T154331-R1.xlsx,2110,BIRD,Bird,manual annotation
Demo-0,tracks_2019-10-11T154331-R1.xlsx,2126,BIRD,Bird,manual annotation
Demo-0,tracks_2019-10-11T154331-R1.xlsx,2144,BIRD,Bird,manual annotation
Demo-0,tracks_2019-10-11T154331-R1.xlsx,2163,BIRD,Bird,manual annotation
Demo-0,tracks_2019-10-11T154331-R1.xlsx,2173,BIRD,Bird,manual annotation
Demo-0,tracks_2019-10-11T154331-R1.xlsx,2180,BIRD,Bird,manual annotation
Demo-0,tracks_2019-10-11T154331-R1.xlsx,2186,BIRD,Bird,manual annotation
Demo-0,tracks_2019-10-11T154331-R1.xlsx,2187,BIRD,Bird,manual annotation
Demo-0,tracks_2019-10-11T154331-R1.xlsx,2193,BIRD,Bird,manual annotation
Demo-0,tracks_2019-10-11T154331-R1.xlsx,2218,BIRD,Bird,manual annotation
Demo-0,tracks_2019-10-11T162212-R1.xlsx,15,UAV,UAV,manual annotation
Demo-0,tracks_2019-10-11T162212-R1.xlsx,74,MIXED,"mix of birds, people,car",manual annotation
Demo-0,tracks_2019-10-11T162212-R1.xlsx,179,MIXED,"mix of birds, people,car",manual annotation
Demo-0,tracks_2019-10-11T162212-R1.xlsx,292,MIXED,"mix of birds, people,car",manual annotation
Demo-0,tracks_2019-10-11T162212-R1.xlsx,378,MIXED,"mix of birds, people,car",manual annotation
Demo-0,tracks_2019-10-11T162212-R1.xlsx,525,MIXED,"mix of birds, people,car",manual annotation
Demo-0,tracks_2019-10-11T162212-R1.xlsx,560,MIXED,"mix of birds, people,car",manual annotation
Demo-0,tracks_2019-10-11T162212-R1.xlsx,576,UAV,UAV,manual annotation
Demo-0,tracks_2019-10-11T162212-R1.xlsx,586,MIXED,"mix of birds, people,car",manual annotation
Demo-0,tracks_2019-10-11T162212-R1.xlsx,613,MIXED,"mix of birds, people,car",manual annotation
Demo-0,tracks_2019-10-11T162212-R1.xlsx,694,MIXED,"mix of birds, people,car",manual annotation
Demo-0,tracks_2019-10-11T162212-R1.xlsx,1102,MIXED,"mix of birds, people,car",manual annotation
Demo-0,tracks_2019-10-11T162212-R1.xlsx,1437,MIXED,"mix of birds, people,car",manual annotation
Demo-0,tracks_2019-10-11T162212-R1.xlsx,1519,UAV,UAV,manual annotation
Demo-0,tracks_2019-10-11T163253-R1.xlsx,5,BIRD,Bird,manual annotation
Demo-0,tracks_2019-10-11T163253-R1.xlsx,72,MIXED,"mix of birds, people and car",manual annotation
Demo-0,tracks_2019-10-11T163253-R1.xlsx,118,MIXED,"mix of birds, people and car",manual annotation
Demo-0,tracks_2019-10-11T163253-R1.xlsx,132,MIXED,"mix of birds, people and car",manual annotation
Demo-0,tracks_2019-10-11T163253-R1.xlsx,205,UAV,UAV,manual annotation
Demo-0,tracks_2019-10-11T163253-R1.xlsx,362,MIXED,"mix of birds, people and car",manual annotation
Demo-0,tracks_2019-10-11T163253-R1.xlsx,932,MIXED,"mix of birds, people and car",manual annotation
Demo-0,tracks_2019-10-11T163253-R1.xlsx,944,MIXED,"mix of birds, people and car",manual annotation
Demo-0,tracks_2019-10-11T163253-R1.xlsx,961,MIXED,"mix of birds, people and car",manual annotation
Demo-0,tracks_2019-10-11T164200-R1.xlsx,0,UAV,UAV,manual annotation
Demo-0,tracks_2019-10-11T164200-R1.xlsx,12,MIXED,"mix of birds, people and car",manual annotation
Demo-0,tracks_2019-10-11T164200-R1.xlsx,77,MIXED,"mix of birds, people and car",manual annotation
Demo-0,tracks_2019-10-11T164200-R1.xlsx,241,MIXED,"mix of birds, people and car",manual annotation
Demo-0,tracks_2019-10-11T164200-R1.xlsx,429,BIRD,Bird,manual annotation
Demo-0,tracks_2019-10-11T164200-R1.xlsx,495,MIXED,"mix of birds, people and car",manual annotation
Demo-0,tracks_2019-10-11T164200-R1.xlsx,593,MIXED,"mix of birds, people and car",manual annotation
Demo-0,tracks_2019-10-11T164200-R1.xlsx,652,UAV,UAV,manual annotation
Demo-0,tracks_2019-10-11T164200-R1.xlsx,681,MIXED,"mix of birds, people and car",manual annotation
Demo-0,tracks_2019-10-11T164200-R1.xlsx,689,MIXED,"mix of birds, people and car",manual annotation
Demo-0,tracks_2019-10-11T164200-R1.xlsx,705,MIXED,"mix of birds, people and car",manual annotation
Demo-0,tracks_2019-10-11T164200-R1.xlsx,773,MIXED,"mix of birds, people and car",manual annotation
Demo-0,tracks_2019-10-11T164200-R1.xlsx,807,UAV,UAV,manual annotation
Demo-0,tracks_2019-10-11T164200-R1.xlsx,825,MIXED,"mix of birds, people and car",manual annotation
Demo-0,tracks_2019-10-11T164200-R1.xlsx,929,MIXED,"mix of birds, people and car",manual annotation
Demo-0,tracks_2019-10-11T164200-R1.xlsx,976,MIXED,"mix of birds, people and car",manual annotation
Demo-0,tracks_2019-10-11T164200-R1.xlsx,1136,MIXED,"mix of birds, people and car",manual annotation
Demo-0,tracks_2019-10-11T164200-R1.xlsx,1393,BIRD,Bird,manual annotation
Demo-0,tracks_2019-10-11T164200-R1.xlsx,1430,MIXED,"mix of birds, people and car",manual annotation
Demo-0,tracks_2019-10-11T164200-R1.xlsx,1429,UAV,UAV,manual annotation
Demo-0,tracks_2019-10-11T164200-R1.xlsx,1439,MIXED,"mix of birds, people and car",manual annotation
Demo-0,tracks_2019-10-11T164200-R1.xlsx,1468,MIXED,"mix of birds, people and car",manual annotation
Demo-0,tracks_2019-10-11T164200-R1.xlsx,1477,MIXED,"mix of birds, people and car",manual annotation
Demo-0,tracks_2019-10-11T164200-R1.xlsx,1498,MIXED,"mix of birds, people and car",manual annotation
Demo-0,tracks_2019-10-11T164200-R1.xlsx,1501,MIXED,"mix of birds, people and car",manual annotation
Demo-0,tracks_2019-10-11T164200-R1.xlsx,1721,MIXED,"mix of birds, people and car",manual annotation
Demo-0,tracks_2019-10-11T164200-R1.xlsx,1756,MIXED,"mix of birds, people and car",manual annotation
Demo-0,tracks_2019-10-11T164200-R1.xlsx,1990,BIRD,Bird,manual annotation
Demo-0,tracks_2019-10-11T164200-R1.xlsx,1991,MIXED,"mix of birds, people and car",manual annotation
Demo-0,tracks_2019-10-11T164200-R1.xlsx,2009,MIXED,"mix of birds, people and car",manual annotation
Demo-0,tracks_2019-10-11T164200-R1.xlsx,2027,BIRD,Bird,manual annotation
Demo-0,tracks_2019-10-11T164200-R1.xlsx,2036,MIXED,"mix of birds, people and car",manual annotation
Demo-0,tracks_2019-10-11T164200-R1.xlsx,2057,BIRD,Bird,manual annotation
Demo-0,tracks_2019-10-11T164200-R1.xlsx,2090,MIXED,"mix of birds, people and car",manual annotation
Demo-0,tracks_2019-10-11T164200-R1.xlsx,2151,MIXED,"mix of birds, people and car",manual annotation
Demo-0,tracks_2019-10-11T194744-R1.xlsx,25,UAV,UAV,manual annotation
Demo-0,tracks_2019-10-11T194744-R1.xlsx,241,MIXED,"mix of birds, people and car",manual annotation
Demo-0,tracks_2019-10-11T194744-R1.xlsx,255,MIXED,"mix of birds, people and car",manual annotation
Demo-0,tracks_2019-10-11T194744-R1.xlsx,263,MIXED,"mix of birds, people and car",manual annotation
Demo-0,tracks_2019-10-11T194744-R1.xlsx,287,MIXED,"mix of birds, people and car",manual annotation
Demo-0,tracks_2019-10-11T194744-R1.xlsx,537,MIXED,"mix of birds, people and car",manual annotation
Demo-0,tracks_2019-10-11T194744-R1.xlsx,655,UAV,UAV,manual annotation
Demo-0,tracks_2019-10-11T194744-R1.xlsx,992,MIXED,"mix of birds, people and car",manual annotation
Demo-0,tracks_2019-10-11T194744-R1.xlsx,1031,UAV,UAV,manual annotation
Demo-0,tracks_2019-10-11T194744-R1.xlsx,1224,MIXED,"mix of birds, people and car",manual annotation
Demo-0,tracks_2019-10-11T194744-R1.xlsx,1631,BIRD,Bird,manual annotation
Demo-0,tracks_2019-10-11T194744-R1.xlsx,1654,MIXED,"mix of birds, people and car",manual annotation
Demo-0,tracks_2019-10-11T194744-R1.xlsx,1657,MIXED,"mix of birds, people and car",manual annotation
Demo-0,tracks_2019-10-11T194744-R1.xlsx,1668,MIXED,"mix of birds, people and car",manual annotation
Demo-0,tracks_2019-10-11T194744-R1.xlsx,1677,MIXED,"mix of birds, people and car",manual annotation
Demo-0,tracks_2019-10-11T194744-R1.xlsx,1676,MIXED,"mix of birds, people and car",manual annotation
Demo-0,tracks_2019-10-11T194744-R1.xlsx,1707,MIXED,"mix of birds, people and car",manual annotation
Demo-0,tracks_2019-10-11T194744-R1.xlsx,1725,MIXED,"mix of birds, people and car",manual annotation
Demo-0,tracks_2019-10-11T194744-R1.xlsx,1735,MIXED,"mix of birds, people and car",manual annotation
Demo-0,tracks_2019-10-11T194744-R1.xlsx,1744,MIXED,"mix of birds, people and car",manual annotation
Demo-0,tracks_2019-10-11T194744-R1.xlsx,1752,MIXED,"mix of birds, people and car",manual annotation
Demo-0,tracks_2019-10-11T194744-R1.xlsx,1765,MIXED,"mix of birds, people and car",manual annotation
Demo-0,tracks_2019-10-11T194744-R1.xlsx,1770,MIXED,"mix of birds, people and car",manual annotation
Demo-0,tracks_2019-10-11T194744-R1.xlsx,1773,MIXED,"mix of birds, people and car",manual annotation
Demo-0,tracks_2019-10-11T194744-R1.xlsx,1779,MIXED,"mix of birds, people and car",manual annotation
Demo-0,tracks_2019-10-11T194744-R1.xlsx,1821,UAV,UAV,manual annotation
Demo-0,tracks_2019-10-11T194744-R1.xlsx,1895,MIXED,"mix of birds, people and car",manual annotation
Demo-0,tracks_2019-10-12T133124-R1.xlsx,19,MIXED," mix of birds, people and car",manual annotation
Demo-0,tracks_2019-10-12T133124-R1.xlsx,43,MIXED," mix of birds, people and car",manual annotation
Demo-0,tracks_2019-10-12T133124-R1.xlsx,78,UAV,UAV,manual annotation
Demo-0,tracks_2019-10-12T133124-R1.xlsx,457,BIRD,Bird,manual annotation
Demo-0,tracks_2019-10-12T133124-R1.xlsx,602,BIRD,Bird,manual annotation
Demo-0,tracks_2019-10-12T133124-R1.xlsx,607,BIRD,Bird,manual annotation
Demo-0,tracks_2019-10-12T133124-R1.xlsx,849,BIRD,Bird,manual annotation
Demo-0,tracks_2019-10-12T133124-R1.xlsx,912,MIXED," mix of birds, people and car",manual annotation
Demo-0,tracks_2019-10-12T133124-R1.xlsx,1013,BIRD,Bird,manual annotation
Demo-0,tracks_2019-10-12T133124-R1.xlsx,1100,UAV,UAV,manual annotation
Demo-0,tracks_2019-10-12T133124-R1.xlsx,1494,MIXED," mix of birds, people and car",manual annotation
Demo-0,tracks_2019-10-12T133124-R1.xlsx,1499,BIRD,Bird,manual annotation
Demo-0,tracks_2019-10-12T133124-R1.xlsx,1512,BIRD,Bird,manual annotation
Demo-0,tracks_2019-10-12T133124-R1.xlsx,1513,MIXED," mix of birds, people and car",manual annotation
Demo-0,tracks_2019-10-12T133124-R1.xlsx,1538,BIRD,Bird,manual annotation
Demo-0,tracks_2019-10-12T133124-R1.xlsx,1544,BIRD,Bird,manual annotation
Demo-0,tracks_2019-10-12T135253-R1.xlsx,2,HUMAN,People,manual annotation
Demo-0,tracks_2019-10-12T135253-R1.xlsx,18,HUMAN,People,manual annotation
Demo-0,tracks_2019-10-12T135253-R1.xlsx,21,UAV,UAV,manual annotation
Demo-0,tracks_2019-10-12T135253-R1.xlsx,44,MIXED,"mix of birds, people and car",manual annotation
Demo-0,tracks_2019-10-12T135253-R1.xlsx,109,HUMAN,People,manual annotation
Demo-0,tracks_2019-10-12T135253-R1.xlsx,114,MIXED,"mix of birds, people and car",manual annotation
Demo-0,tracks_2019-10-12T135253-R1.xlsx,367,MIXED,"mix of birds, people and car",manual annotation
Demo-0,tracks_2019-10-12T135253-R1.xlsx,442,MIXED,"mix of birds, people and car",manual annotation
Demo-0,tracks_2019-10-12T135253-R1.xlsx,449,MIXED,"mix of birds, people and car",manual annotation
Demo-0,tracks_2019-10-12T145254-R1.xlsx,0,MIXED,"mix of birds, people and car",manual annotation
Demo-0,tracks_2019-10-12T145254-R1.xlsx,15,HUMAN,People,manual annotation
Demo-0,tracks_2019-10-12T145254-R1.xlsx,96,MIXED,"mix of birds, people and car",manual annotation
Demo-0,tracks_2019-10-12T145254-R1.xlsx,109,HUMAN,People,manual annotation
Demo-0,tracks_2019-10-12T145254-R1.xlsx,148,MIXED,"mix of birds, people and car",manual annotation
Demo-0,tracks_2019-10-12T145254-R1.xlsx,201,MIXED,"mix of birds, people and car",manual annotation
Demo-0,tracks_2019-10-12T145254-R1.xlsx,397,MIXED,"mix of birds, people and car",manual annotation
Demo-0,tracks_2019-10-12T145254-R1.xlsx,407,BIRD,Bird,manual annotation
Demo-0,tracks_2019-10-12T145254-R1.xlsx,445,BIRD,Bird,manual annotation
Demo-0,tracks_2019-10-12T150347-R1.xlsx,22,HUMAN,People,manual annotation
Demo-0,tracks_2019-10-12T150347-R1.xlsx,79,MIXED,"mix of birds, people and car",manual annotation
Demo-0,tracks_2019-10-12T150347-R1.xlsx,97,HUMAN,People,manual annotation
Demo-0,tracks_2019-10-12T150347-R1.xlsx,179,UAV,UAV,manual annotation
Demo-0,tracks_2019-10-12T150347-R1.xlsx,542,BIRD,Bird,manual annotation
Demo-0,tracks_2019-10-12T150347-R1.xlsx,596,HUMAN,People,manual annotation
Demo-0,tracks_2019-10-12T150347-R1.xlsx,606,MIXED,"mix of birds, people and car",manual annotation
Demo-0,tracks_2019-10-12T150347-R1.xlsx,617,HUMAN,People,manual annotation
Demo-0,tracks_2019-10-12T150347-R1.xlsx,629,HUMAN,People,manual annotation
Demo-0,tracks_2019-10-12T150347-R1.xlsx,680,HUMAN,People,manual annotation
Demo-0,tracks_2019-10-12T150347-R1.xlsx,707,UAV,UAV,manual annotation
Demo-0,tracks_2019-10-12T150347-R1.xlsx,911,MIXED,"mix of birds, people and car",manual annotation
Demo-0,tracks_2019-10-12T150347-R1.xlsx,1000,MIXED,"mix of birds, people and car",manual annotation
Demo-0,tracks_2019-10-12T150347-R1.xlsx,1011,MIXED,"mix of birds, people and car",manual annotation
Demo-0,tracks_2019-10-12T150347-R1.xlsx,1060,UAV,UAV,manual annotation
Demo-0,tracks_2019-10-12T150347-R1.xlsx,1223,BIRD,Bird,manual annotation
Demo-0,tracks_2019-10-12T150347-R1.xlsx,1383,MIXED,"mix of birds, people and car",manual annotation
Demo-0,tracks_2019-10-12T150347-R1.xlsx,1382,BIRD,Bird,manual annotation
Demo-0,tracks_2019-10-12T150347-R1.xlsx,1447,BIRD,Bird,manual annotation
Demo-0,tracks_2019-10-12T150347-R1.xlsx,1488,MIXED,"mix of birds, people and car",manual annotation
Demo-0,tracks_2019-10-12T150347-R1.xlsx,1726,HUMAN,People,manual annotation
Demo-0,tracks_2019-10-12T150347-R1.xlsx,1804,MIXED,"mix of birds, people and car",manual annotation
Demo-0,tracks_2019-10-12T150347-R1.xlsx,1828,BIRD,Bird,manual annotation
Demo-0,tracks_2019-10-12T153151-R1.xlsx,5,BIRD,Bird,manual annotation
Demo-0,tracks_2019-10-12T153151-R1.xlsx,7,BIRD,Bird,manual annotation
Demo-0,tracks_2019-10-12T153151-R1.xlsx,21,MIXED,"mix of birds, people and car",manual annotation
Demo-0,tracks_2019-10-12T153151-R1.xlsx,25,BIRD,Bird,manual annotation
Demo-0,tracks_2019-10-12T153151-R1.xlsx,28,MIXED,"mix of birds, people and car",manual annotation
Demo-0,tracks_2019-10-12T153151-R1.xlsx,29,BIRD,Bird,manual annotation
Demo-0,tracks_2019-10-12T153151-R1.xlsx,60,MIXED,"mix of birds, people and car",manual annotation
Demo-0,tracks_2019-10-12T153151-R1.xlsx,61,BIRD,Bird,manual annotation
Demo-0,tracks_2019-10-12T153151-R1.xlsx,104,MIXED,"mix of birds, people and car",manual annotation
Demo-0,tracks_2019-10-12T153151-R1.xlsx,137,UAV,UAV,manual annotation
Demo-0,tracks_2019-10-12T153151-R1.xlsx,357,MIXED,"mix of birds, people and car",manual annotation
Demo-0,tracks_2019-10-12T153151-R1.xlsx,366,MIXED,"mix of birds, people and car",manual annotation
Demo-0,tracks_2019-10-12T153151-R1.xlsx,371,MIXED,"mix of birds, people and car",manual annotation
Demo-0,tracks_2019-10-12T153151-R1.xlsx,373,HUMAN,People,manual annotation
Demo-0,tracks_2019-10-12T153151-R1.xlsx,378,HUMAN,People,manual annotation
Demo-0,tracks_2019-10-12T153151-R1.xlsx,380,UNKNOWN,,manual annotation
Demo-0,tracks_2019-10-12T153151-R1.xlsx,404,HUMAN,People,manual annotation
Demo-0,tracks_2019-10-12T153151-R1.xlsx,401,HUMAN,People,manual annotation
Demo-0,tracks_2019-10-12T153151-R1.xlsx,610,HUMAN,People,manual annotation
Demo-0,tracks_2019-10-12T153151-R1.xlsx,666,HUMAN,People,manual annotation
Demo-0,tracks_2019-10-12T153151-R1.xlsx,792,MIXED,"mix of birds, people and car",manual annotation
Demo-0,tracks_2019-10-12T154641-R1.xlsx,0,BIRD,Bird,manual annotation
Demo-0,tracks_2019-10-12T154641-R1.xlsx,4,BIRD,Bird,manual annotation
Demo-0,tracks_2019-10-12T154641-R1.xlsx,34,BIRD,Bird,manual annotation
Demo-0,tracks_2019-10-12T155755-R1.xlsx,17,UAV,UAV,manual annotation
Demo-0,tracks_2019-10-12T155755-R1.xlsx,99,BIRD,Bird,manual annotation
Demo-0,tracks_2019-10-12T155755-R1.xlsx,263,MIXED,"mix of birds, people and car",manual annotation
Demo-0,tracks_2019-10-12T155755-R1.xlsx,322,MIXED,"mix of birds, people and car",manual annotation
Demo-0,tracks_2019-10-12T155755-R1.xlsx,346,UAV,UAV,manual annotation
Demo-0,tracks_2019-10-12T155755-R1.xlsx,430,MIXED,"mix of birds, people and car",manual annotation
Demo-0,tracks_2019-10-12T155755-R1.xlsx,443,BIRD,Bird,manual annotation
Demo-0,tracks_2019-10-12T155755-R1.xlsx,452,BIRD,Bird,manual annotation
Demo-0,tracks_2019-10-12T155755-R1.xlsx,480,BIRD,Bird,manual annotation
Demo-0,tracks_2019-10-12T155755-R1.xlsx,507,MIXED,"mix of birds, people and car",manual annotation
Demo-0,tracks_2019-10-12T155755-R1.xlsx,604,UAV,UAV,manual annotation
Demo-0,tracks_2019-10-12T155755-R1.xlsx,687,MIXED,"mix of birds, people and car",manual annotation
Demo-0,tracks_2019-10-12T155755-R1.xlsx,697,MIXED,"mix of birds, people and car",manual annotation
Demo-0,tracks_2019-10-12T155755-R1.xlsx,786,MIXED,"mix of birds, people and car",manual annotation
Demo-0,tracks_2019-10-12T155755-R1.xlsx,821,MIXED,"mix of birds, people and car",manual annotation
Demo-0,tracks_2019-10-12T155755-R1.xlsx,839,MIXED,"mix of birds, people and car",manual annotation
Demo-0,tracks_2019-10-12T161431-R1.xlsx,59,UAV,UAV,manual annotation
Demo-0,tracks_2019-10-12T161431-R1.xlsx,219,MIXED,"mix of birds, people and car",manual annotation
Demo-0,tracks_2019-10-12T161431-R1.xlsx,230,BIRD,Bird,manual annotation
Demo-0,tracks_2019-10-12T161431-R1.xlsx,227,MIXED,"mix of birds, people and car",manual annotation
Demo-0,tracks_2019-10-12T161431-R1.xlsx,253,BIRD,Bird,manual annotation
Demo-0,tracks_2019-10-12T161431-R1.xlsx,291,BIRD,Bird,manual annotation
Demo-0,tracks_2019-10-12T161431-R1.xlsx,677,MIXED,"mix of birds, people and car",manual annotation
Demo-0,tracks_2019-10-12T161431-R1.xlsx,690,BIRD,Bird,manual annotation
Demo-0,tracks_2019-10-12T161431-R1.xlsx,708,MIXED,"mix of birds, people and car",manual annotation
Demo-0,tracks_2019-10-12T161431-R1.xlsx,741,UAV,UAV,manual annotation
Demo-0,tracks_2019-10-12T161431-R1.xlsx,934,MIXED,"mix of birds, people and car",manual annotation
Demo-0,tracks_2019-10-12T161431-R1.xlsx,1027,BIRD,Bird,manual annotation
Demo-0,tracks_2019-10-12T161431-R1.xlsx,1063,MIXED,"mix of birds, people and car",manual annotation
Demo-0,tracks_2019-10-12T161431-R1.xlsx,1069,MIXED,"mix of birds, people and car",manual annotation
Demo-0,tracks_2019-10-12T161431-R1.xlsx,1064,MIXED,"mix of birds, people and car",manual annotation
Demo-0,tracks_2019-10-12T161431-R1.xlsx,1088,MIXED,"mix of birds, people and car",manual annotation
Demo-0,tracks_2019-10-12T161431-R1.xlsx,1141,BIRD,Bird,manual annotation
Demo-0,tracks_2019-10-12T161431-R1.xlsx,1131,BIRD,Bird,manual annotation
Demo-0,tracks_2019-10-13T135100-R1.xlsx,0,BIRD,Bird,manual annotation
Demo-0,tracks_2019-10-13T135100-R1.xlsx,5,MIXED,"mix of birds, people and car",manual annotation
Demo-0,tracks_2019-10-13T135100-R1.xlsx,8,BIRD,Bird,manual annotation
Demo-0,tracks_2019-10-13T135100-R1.xlsx,21,BIRD,Bird,manual annotation
Demo-0,tracks_2019-10-13T135100-R1.xlsx,24,BIRD,Bird,manual annotation
Demo-0,tracks_2019-10-13T135100-R1.xlsx,32,BIRD,Bird,manual annotation
Demo-0,tracks_2019-10-13T135100-R1.xlsx,37,UAV,UAV,manual annotation
Demo-0,tracks_2019-10-13T135100-R1.xlsx,55,MIXED,"mix of birds, people and car",manual annotation
Demo-0,tracks_2019-10-13T135100-R1.xlsx,174,MIXED,"mix of birds, people and car",manual annotation
Demo-0,tracks_2019-10-13T135100-R1.xlsx,187,MIXED,"mix of birds, people and car",manual annotation
Demo-0,tracks_2019-10-13T135100-R1.xlsx,246,BIRD,Bird,manual annotation
Demo-0,tracks_2019-10-13T135100-R1.xlsx,252,BIRD,Bird,manual annotation
Demo-0,tracks_2019-10-13T135100-R1.xlsx,277,BIRD,Bird,manual annotation
Demo-0,tracks_2019-10-13T135100-R1.xlsx,282,MIXED,"mix of birds, people and car",manual annotation
Demo-0,tracks_2019-10-13T135100-R1.xlsx,283,BIRD,Bird,manual annotation
Demo-0,tracks_2019-10-13T135100-R1.xlsx,317,MIXED,"mix of birds, people and car",manual annotation
Demo-0,tracks_2019-10-13T135100-R1.xlsx,319,MIXED,"mix of birds, people and car",manual annotation
Demo-0,tracks_2019-10-13T135100-R1.xlsx,320,MIXED,"mix of birds, people and car",manual annotation
Demo-0,tracks_2019-10-13T135100-R1.xlsx,324,BIRD,Bird,manual annotation
Demo-0,tracks_2019-10-13T135100-R1.xlsx,336,MIXED,"mix of birds, people and car",manual annotation
Demo-0,tracks_2019-10-13T135100-R1.xlsx,345,MIXED,"mix of birds, people and car",manual annotation
Demo-0,tracks_2019-10-13T135100-R1.xlsx,371,MIXED,"mix of birds, people and car",manual annotation
Demo-0,tracks_2019-10-13T135100-R1.xlsx,377,MIXED,"mix of birds, people and car",manual annotation
Demo-0,tracks_2019-10-13T135100-R1.xlsx,563,MIXED,"mix of birds, people and car",manual annotation
Demo-0,tracks_2019-10-13T135100-R1.xlsx,573,MIXED,"mix of birds, people and car",manual annotation
Demo-0,tracks_2019-10-13T135100-R1.xlsx,613,MIXED,"mix of birds, people and car",manual annotation
Demo-0,tracks_2019-10-13T135100-R1.xlsx,620,MIXED,"mix of birds, people and car",manual annotation
Demo-0,tracks_2019-10-13T135100-R1.xlsx,645,HUMAN,People,manual annotation
Demo-0,tracks_2019-10-13T135100-R1.xlsx,692,MIXED,"mix of birds, people and car",manual annotation
Demo-0,tracks_2019-10-13T135100-R1.xlsx,736,UAV,UAV,manual annotation
Demo-0,tracks_2019-10-13T135100-R1.xlsx,748,HUMAN,People,manual annotation
Demo-0,tracks_2019-10-13T135100-R1.xlsx,762,MIXED,"mix of birds, people and car",manual annotation
Demo-0,tracks_2019-10-13T135100-R1.xlsx,906,HUMAN,People,manual annotation
Demo-0,tracks_2019-10-13T135100-R1.xlsx,910,MIXED,"mix of birds, people and car",manual annotation
Demo-0,tracks_2019-10-13T135100-R1.xlsx,948,MIXED,"mix of birds, people and car",manual annotation
Demo-0,tracks_2019-10-13T135100-R1.xlsx,947,MIXED,"mix of birds, people and car",manual annotation
Demo-0,tracks_2019-10-13T135100-R1.xlsx,973,MIXED,"mix of birds, people and car",manual annotation
Demo-0,tracks_2019-10-13T135100-R1.xlsx,1196,MIXED,"mix of birds, people and car",manual annotation
Demo-0,tracks_2019-10-13T135100-R1.xlsx,1201,MIXED,"mix of birds, people and car",manual annotation
Demo-0,tracks_2019-10-13T135100-R1.xlsx,1209,MIXED,"mix of birds, people and car",manual annotation
Demo-0,tracks_2019-10-13T135100-R1.xlsx,1204,MIXED,"mix of birds, people and car",manual annotation
Demo-0,tracks_2019-10-13T135100-R1.xlsx,1237,MIXED,"mix of birds, people and car",manual annotation
Demo-0,tracks_2019-10-13T135100-R1.xlsx,1267,UAV,UAV,manual annotation
Demo-0,tracks_2019-10-13T135100-R1.xlsx,1282,MIXED,"mix of birds, people and car",manual annotation
Demo-0,tracks_2019-10-13T135100-R1.xlsx,1304,MIXED,"mix of birds, people and car",manual annotation
Demo-0,tracks_2019-10-13T135100-R1.xlsx,1392,UAV,UAV,manual annotation
Demo-0,tracks_2019-10-13T135100-R1.xlsx,1626,BIRD,Bird,manual annotation
Demo-0,tracks_2019-10-13T135100-R1.xlsx,1743,MIXED,"mix of birds, people and car",manual annotation
Demo-0,tracks_2019-10-13T135100-R1.xlsx,1794,MIXED,"mix of birds, people and car",manual annotation
Demo-0,tracks_2019-10-13T135100-R1.xlsx,1927,UAV,UAV,manual annotation
Demo-0,tracks_2019-10-13T135100-R1.xlsx,2105,MIXED,"mix of birds, people and car",manual annotation
Demo-0,tracks_2019-10-13T135100-R1.xlsx,2138,MIXED,"mix of birds, people and car",manual annotation
Demo-0,tracks_2019-10-13T135100-R1.xlsx,2268,MIXED,"mix of birds, people and car",manual annotation
Demo-0,tracks_2019-10-13T135100-R1.xlsx,2306,MIXED,"mix of birds, people and car",manual annotation
Demo-0,tracks_2019-10-13T135100-R1.xlsx,2310,MIXED,"mix of birds, people and car",manual annotation
Demo-0,tracks_2019-10-13T135100-R1.xlsx,2361,MIXED,"mix of birds, people and car",manual annotation
Demo-0,tracks_2019-10-13T135100-R1.xlsx,2429,UAV,UAV,manual annotation
Demo-0,tracks_2019-10-13T135100-R1.xlsx,2449,MIXED,"mix of birds, people and car",manual annotation
Demo-0,tracks_2019-10-13T135100-R1.xlsx,2469,BIRD,Bird,manual annotation
Demo-0,tracks_2019-10-13T135100-R1.xlsx,2563,MIXED,"mix of birds, people and car",manual annotation
Demo-0,tracks_2019-10-13T135100-R1.xlsx,2617,UAV,UAV,manual annotation
Demo-0,tracks_2019-10-13T135100-R1.xlsx,2674,MIXED,"mix of birds, people and car",manual annotation
Demo-0,tracks_2019-10-13T135100-R1.xlsx,2716,MIXED,"mix of birds, people and car",manual annotation
Demo-0,tracks_2019-10-13T135100-R1.xlsx,2721,MIXED,"mix of birds, people and car",manual annotation
Demo-0,tracks_2019-10-13T135100-R1.xlsx,2745,UAV,UAV,manual annotation
Demo-0,tracks_2019-10-13T135100-R1.xlsx,2797,MIXED,"mix of birds, people and car",manual annotation
Demo-0,tracks_2019-10-13T135100-R1.xlsx,2831,MIXED,"mix of birds, people and car",manual annotation
Demo-0,tracks_2019-10-13T135100-R1.xlsx,2855,MIXED,"mix of birds, people and car",manual annotation
Demo-0,tracks_2019-10-13T135100-R1.xlsx,2927,MIXED,"mix of birds, people and car",manual annotation
Demo-0,tracks_2019-10-13T135100-R1.xlsx,2986,MIXED,"mix of birds, people and car",manual annotation
Demo-0,tracks_2019-10-13T135100-R1.xlsx,2999,MIXED,"mix of birds, people and car",manual annotation
Demo-0,tracks_2019-10-13T135100-R1.xlsx,3007,MIXED,"mix of birds, people and car",manual annotation
Demo-0,tracks_2019-10-13T135100-R1.xlsx,3032,MIXED,"mix of birds, people and car",manual annotation
Demo-0,tracks_2019-10-13T135100-R1.xlsx,3072,MIXED,"mix of birds, people and car",manual annotation
Demo-0,tracks_2019-10-13T135100-R1.xlsx,3166,MIXED,"mix of birds, people and car",manual annotation
Demo-0,tracks_2019-10-13T135100-R1.xlsx,3173,BIRD,Bird,manual annotation
Demo-0,tracks_2019-10-13T135100-R1.xlsx,3193,MIXED,"mix of birds, people and car",manual annotation
Demo-0,tracks_2019-10-13T135100-R1.xlsx,3310,MIXED,"mix of birds, people and car",manual annotation
Demo-0,tracks_2019-10-13T135100-R1.xlsx,3500,MIXED,"mix of birds, people and car",manual annotation
Demo-0,tracks_2019-10-13T135100-R1.xlsx,3524,MIXED,"mix of birds, people and car",manual annotation
Demo-0,tracks_2019-10-13T135100-R1.xlsx,3598,MIXED,"mix of birds, people and car",manual annotation
Demo-0,tracks_2019-10-13T135100-R1.xlsx,3682,MIXED,"mix of birds, people and car",manual annotation
Demo-0,tracks_2019-10-13T135100-R1.xlsx,3683,BIRD,Bird,manual annotation
Demo-0,tracks_2019-10-13T135100-R1.xlsx,3686,MIXED,"mix of birds, people and car",manual annotation
Demo-0,tracks_2019-10-13T135100-R1.xlsx,3688,MIXED,"mix of birds, people and car",manual annotation
Demo-0,tracks_2019-10-13T135100-R1.xlsx,3707,MIXED,"mix of birds, people and car",manual annotation
Demo-0,tracks_2019-10-13T135100-R1.xlsx,3708,MIXED,"mix of birds, people and car",manual annotation
Demo-0,tracks_2019-10-13T135100-R1.xlsx,3716,MIXED,"mix of birds, people and car",manual annotation
Demo-0,tracks_2019-10-13T135100-R1.xlsx,3760,MIXED,"mix of birds, people and car",manual annotation
Demo-0,tracks_2019-10-13T135100-R1.xlsx,3773,MIXED,"mix of birds, people and car",manual annotation
Demo-0,tracks_2019-10-13T143335-R2.xlsx,25,BIRD,Bird,manual annotation
Demo-0,tracks_2019-10-13T143335-R2.xlsx,45,BIRD,Bird,manual annotation
Demo-0,tracks_2019-10-13T143335-R2.xlsx,62,MIXED,"mix of birds, people and car",manual annotation
Demo-0,tracks_2019-10-13T143335-R2.xlsx,116,MIXED,"mix of birds, people and car",manual annotation
Demo-0,tracks_2019-10-13T143335-R2.xlsx,200,BIRD,Bird,manual annotation
Demo-0,tracks_2019-10-13T143335-R2.xlsx,219,MIXED,"mix of birds, people and car",manual annotation
Demo-0,tracks_2019-10-13T143335-R2.xlsx,226,BIRD,Bird,manual annotation
Demo-0,tracks_2019-10-13T143335-R2.xlsx,287,MIXED,"mix of birds, people and car",manual annotation
Demo-0,tracks_2019-10-13T143335-R2.xlsx,298,MIXED,"mix of birds, people and car",manual annotation
Demo-0,tracks_2019-10-13T143335-R2.xlsx,332,MIXED,"mix of birds, people and car",manual annotation
Demo-0,tracks_2019-10-13T144301-R2.xlsx,33,MIXED,"mix of birds, people and car",manual annotation
Demo-0,tracks_2019-10-13T144301-R2.xlsx,59,MIXED,"mix of birds, people and car",manual annotation
Demo-0,tracks_2019-10-13T144301-R2.xlsx,99,BIRD,Bird,manual annotation
Demo-0,tracks_2019-10-13T144301-R2.xlsx,102,BIRD,Bird,manual annotation
Demo-0,tracks_2019-10-13T144301-R2.xlsx,293,MIXED,"mix of birds, people and car",manual annotation
Demo-0,tracks_2019-10-13T144301-R2.xlsx,296,HUMAN,People,manual annotation
Demo-0,tracks_2019-10-13T144301-R2.xlsx,347,MIXED,"mix of birds, people and car",manual annotation
Demo-0,tracks_2019-10-13T144301-R2.xlsx,367,BIRD,Bird,manual annotation
Demo-0,tracks_2019-10-13T144301-R2.xlsx,387,HUMAN,People,manual annotation
Demo-0,tracks_2019-10-13T144301-R2.xlsx,424,MIXED,"mix of birds, people and car",manual annotation
Demo-0,tracks_2019-10-13T144301-R2.xlsx,450,MIXED,"mix of birds, people and car",manual annotation
Demo-0,tracks_2019-10-13T144301-R2.xlsx,454,MIXED,"mix of birds, people and car",manual annotation
Demo-0,tracks_2019-10-13T144301-R2.xlsx,457,MIXED,"mix of birds, people and car",manual annotation
Demo-0,tracks_2019-10-13T144301-R2.xlsx,463,MIXED,"mix of birds, people and car",manual annotation
Demo-0,tracks_2019-10-13T144301-R2.xlsx,477,MIXED,"mix of birds, people and car",manual annotation
Demo-0,tracks_2019-10-13T144301-R2.xlsx,480,MIXED,"mix of birds, people and car",manual annotation
Demo-0,tracks_2019-10-13T144301-R2.xlsx,552,BIRD,Bird,manual annotation
Demo-0,tracks_2019-10-13T144301-R2.xlsx,558,MIXED,"mix of birds, people and car",manual annotation
Demo-0,tracks_2019-10-13T144301-R2.xlsx,764,BIRD,Bird,manual annotation
Demo-0,tracks_2019-10-13T144301-R2.xlsx,773,MIXED,"mix of birds, people and car",manual annotation
Demo-0,tracks_2019-10-13T144301-R2.xlsx,778,MIXED,"mix of birds, people and car",manual annotation
Demo-0,tracks_2019-10-13T144301-R2.xlsx,792,MIXED,"mix of birds, people and car",manual annotation
Demo-0,tracks_2019-10-13T144301-R2.xlsx,789,BIRD,Bird,manual annotation
Demo-0,tracks_2019-10-13T144301-R2.xlsx,795,MIXED,"mix of birds, people and car",manual annotation
Demo-0,tracks_2019-10-13T144301-R2.xlsx,817,MIXED,"mix of birds, people and car",manual annotation
Demo-0,tracks_2019-10-13T144301-R2.xlsx,949,BIRD,Bird,manual annotation
Demo-0,tracks_2019-10-13T144301-R2.xlsx,955,BIRD,Bird,manual annotation
Demo-0,tracks_2019-10-13T144301-R2.xlsx,968,MIXED,"mix of birds, people and car",manual annotation
Demo-0,tracks_2019-10-13T144301-R2.xlsx,977,BIRD,Bird,manual annotation
Demo-0,tracks_2019-10-13T144301-R2.xlsx,1023,MIXED,"mix of birds, people and car",manual annotation
Demo-0,tracks_2019-10-13T144301-R2.xlsx,1031,BIRD,Bird,manual annotation
Demo-0,tracks_2019-10-13T144301-R2.xlsx,1032,MIXED,"mix of birds, people and car",manual annotation
Demo-0,tracks_2019-10-13T144301-R2.xlsx,1040,VEHICLE,Car,manual annotation
Demo-0,tracks_2019-10-13T144301-R2.xlsx,1057,MIXED,"mix of birds, people and car",manual annotation
Demo-0,tracks_2019-10-13T144301-R2.xlsx,1061,MIXED,"mix of birds, people and car",manual annotation
Demo-0,tracks_2019-10-13T144301-R2.xlsx,1076,MIXED,"mix of birds, people and car",manual annotation
Demo-0,tracks_2019-10-13T144301-R2.xlsx,1233,BIRD,Bird,manual annotation
Demo-0,tracks_2019-10-13T144301-R2.xlsx,1251,MIXED,"mix of birds, people and car",manual annotation
Demo-0,tracks_2019-10-13T144301-R2.xlsx,1258,UAV,UAV,manual annotation
Demo-0,tracks_2019-10-13T144301-R2.xlsx,1282,BIRD,Bird,manual annotation
Demo-0,tracks_2019-10-13T144301-R2.xlsx,1430,MIXED,"mix of birds, people and car",manual annotation
Demo-0,tracks_2019-10-13T144301-R2.xlsx,1438,MIXED,"mix of birds, people and car",manual annotation
Demo-0,tracks_2019-10-13T144301-R2.xlsx,1449,MIXED,"mix of birds, people and car",manual annotation
Demo-0,tracks_2019-10-13T144301-R2.xlsx,1462,MIXED,"mix of birds, people and car",manual annotation
Demo-0,tracks_2019-10-13T144301-R2.xlsx,1467,MIXED,"mix of birds, people and car",manual annotation
Demo-0,tracks_2019-10-13T144301-R2.xlsx,1470,MIXED,"mix of birds, people and car",manual annotation
Demo-0,tracks_2019-10-13T144301-R2.xlsx,1484,MIXED,"mix of birds, people and car",manual annotation
Demo-0,tracks_2019-10-13T144301-R2.xlsx,1492,UAV,UAV,manual annotation
Demo-0,tracks_2019-10-13T144301-R2.xlsx,1513,MIXED,"mix of birds, people and car",manual annotation
Demo-0,tracks_2019-10-13T144301-R2.xlsx,1522,MIXED,"mix of birds, people and car",manual annotation
Demo-0,tracks_2019-10-13T144301-R2.xlsx,1515,MIXED,"mix of birds, people and car",manual annotation
Demo-0,tracks_2019-10-13T144301-R2.xlsx,1594,MIXED,"mix of birds, people and car",manual annotation
Demo-0,tracks_2019-10-13T144301-R2.xlsx,1634,UAV,UAV,manual annotation
Demo-0,tracks_2019-10-13T144301-R2.xlsx,1655,MIXED,"mix of birds, people and car",manual annotation
Demo-0,tracks_2019-10-13T144301-R2.xlsx,1794,BIRD,Bird,manual annotation
Demo-0,tracks_2019-10-13T144301-R2.xlsx,1836,BIRD,Bird,manual annotation
Demo-0,tracks_2019-10-13T144301-R2.xlsx,1895,MIXED,"mix of birds, people and car",manual annotation
Demo-0,tracks_2019-10-13T144301-R2.xlsx,1989,UAV,UAV,manual annotation
Demo-0,tracks_2019-10-13T144301-R2.xlsx,2312,BIRD,Bird,manual annotation
Demo-0,tracks_2019-10-13T144301-R2.xlsx,2317,BIRD,Bird,manual annotation
Demo-0,tracks_2019-10-13T144301-R2.xlsx,2425,BIRD,Bird,manual annotation
Demo-0,tracks_2019-10-13T144301-R2.xlsx,2495,MIXED,"mix of birds, people and car",manual annotation
Demo-0,tracks_2019-10-13T144301-R2.xlsx,2497,BIRD,Bird,manual annotation
Demo-0,tracks_2019-10-13T144301-R2.xlsx,2547,MIXED,"mix of birds, people and car",manual annotation
Demo-0,tracks_2019-10-13T144301-R2.xlsx,2567,MIXED,"mix of birds, people and car",manual annotation
Demo-0,tracks_2019-10-13T144301-R2.xlsx,2613,MIXED,"mix of birds, people and car",manual annotation
Demo-0,tracks_2019-10-13T144301-R2.xlsx,2622,MIXED,"mix of birds, people and car",manual annotation
Demo-0,tracks_2019-10-13T144301-R2.xlsx,2666,MIXED,"mix of birds, people and car",manual annotation
Demo-0,tracks_2019-10-13T144301-R2.xlsx,2686,BIRD,Bird,manual annotation
Demo-0,tracks_2019-10-13T144301-R2.xlsx,2689,MIXED,"mix of birds, people and car",manual annotation
Demo-0,tracks_2019-10-13T144301-R2.xlsx,2772,BIRD,Bird,manual annotation
Demo-0,tracks_2019-10-13T144301-R2.xlsx,2796,MIXED,"mix of birds, people and car",manual annotation
Demo-0,tracks_2019-10-13T144301-R2.xlsx,2833,UAV,UAV,manual annotation
Demo-0,tracks_2019-10-13T144301-R2.xlsx,2935,MIXED,"mix of birds, people and car",manual annotation
Demo-0,tracks_2019-10-13T144301-R2.xlsx,2982,BIRD,Bird,manual annotation
Demo-0,tracks_2019-10-13T144301-R2.xlsx,3025,BIRD,Bird,manual annotation
Demo-0,tracks_2019-10-13T144301-R2.xlsx,3074,MIXED,"mix of birds, people and car",manual annotation
Demo-0,tracks_2019-10-13T144301-R2.xlsx,3093,BIRD,Bird,manual annotation
Demo-0,tracks_2019-10-13T144301-R2.xlsx,3122,BIRD,Bird,manual annotation
Demo-0,tracks_2019-10-13T144301-R2.xlsx,3154,MIXED,"mix of birds, people and car",manual annotation
Demo-0,tracks_2019-10-13T144301-R2.xlsx,3169,MIXED,"mix of birds, people and car",manual annotation
Demo-0,tracks_2019-10-13T144301-R2.xlsx,3180,MIXED,"mix of birds, people and car",manual annotation
Demo-0,tracks_2019-10-13T144301-R2.xlsx,3191,MIXED,"mix of birds, people and car",manual annotation
Demo-0,tracks_2019-10-13T144301-R2.xlsx,3208,MIXED,"mix of birds, people and car",manual annotation
Demo-0,tracks_2019-10-13T144301-R2.xlsx,3218,MIXED,"mix of birds, people and car",manual annotation
Demo-0,tracks_2019-10-13T144301-R2.xlsx,3223,MIXED,"mix of birds, people and car",manual annotation
Demo-0,tracks_2019-10-13T144301-R2.xlsx,3240,MIXED,"mix of birds, people and car",manual annotation
Demo-0,tracks_2019-10-13T144301-R2.xlsx,3261,MIXED,"mix of birds, people and car",manual annotation
Demo-0,tracks_2019-10-13T144301-R2.xlsx,3266,MIXED,"mix of birds, people and car",manual annotation
Demo-0,tracks_2019-10-13T144301-R2.xlsx,3277,MIXED,"mix of birds, people and car",manual annotation
Demo-0,tracks_2019-10-13T144301-R2.xlsx,3278,MIXED,"mix of birds, people and car",manual annotation
Demo-0,tracks_2019-10-13T144301-R2.xlsx,3279,MIXED,"mix of birds, people and car",manual annotation
Demo-0,tracks_2019-10-13T144301-R2.xlsx,3289,MIXED,"mix of birds, people and car",manual annotation
Demo-0,tracks_2019-10-13T144301-R2.xlsx,3290,MIXED,"mix of birds, people and car",manual annotation
Demo-0,tracks_2019-10-13T152655-R2.xlsx,3,HUMAN,People,manual annotation
Demo-0,tracks_2019-10-13T152655-R2.xlsx,16,MIXED,"mix of birds, people and car",manual annotation
Demo-0,tracks_2019-10-13T152655-R2.xlsx,77,MIXED,"mix of birds, people and car",manual annotation
Demo-0,tracks_2019-10-13T152655-R2.xlsx,82,MIXED,"mix of birds, people and car",manual annotation
Demo-0,tracks_2019-10-13T152655-R2.xlsx,193,MIXED,"mix of birds, people and car",manual annotation
Demo-0,tracks_2019-10-13T152655-R2.xlsx,213,MIXED,"mix of birds, people and car",manual annotation
Demo-0,tracks_2019-10-13T152655-R2.xlsx,247,MIXED,"mix of birds, people and car",manual annotation
Demo-0,tracks_2019-10-13T152655-R2.xlsx,275,MIXED,"mix of birds, people and car",manual annotation
Demo-0,tracks_2019-10-13T152655-R2.xlsx,306,MIXED,"mix of birds, people and car",manual annotation
Demo-0,tracks_2019-10-13T152655-R2.xlsx,420,MIXED,"mix of birds, people and car",manual annotation
Demo-0,tracks_2019-10-13T152655-R2.xlsx,477,UAV,UAV,manual annotation
Demo-0,tracks_2019-10-13T152655-R2.xlsx,513,MIXED,"mix of birds, people and car",manual annotation
Demo-0,tracks_2019-10-13T152655-R2.xlsx,514,BIRD,Bird,manual annotation
Demo-0,tracks_2019-10-13T152655-R2.xlsx,516,MIXED,"mix of birds, people and car",manual annotation
Demo-0,tracks_2019-10-13T152655-R2.xlsx,515,BIRD,Bird,manual annotation
Demo-0,tracks_2019-10-13T152655-R2.xlsx,521,BIRD,Bird,manual annotation
Demo-0,tracks_2019-10-13T152655-R2.xlsx,524,MIXED,"mix of birds, people and car",manual annotation
Demo-0,tracks_2019-10-13T152655-R2.xlsx,529,BIRD,Bird,manual annotation
Demo-0,tracks_2019-10-13T152655-R2.xlsx,534,BIRD,Bird,manual annotation
Demo-0,tracks_2019-10-13T152655-R2.xlsx,538,MIXED,"mix of birds, people and car",manual annotation
Demo-0,tracks_2019-10-13T152655-R2.xlsx,539,MIXED,"mix of birds, people and car",manual annotation
Demo-0,tracks_2019-10-13T152655-R2.xlsx,535,BIRD,Bird,manual annotation
Demo-0,tracks_2019-10-13T152655-R2.xlsx,548,MIXED,"mix of birds, people and car",manual annotation
Demo-0,tracks_2019-10-13T152655-R2.xlsx,546,MIXED,"mix of birds, people and car",manual annotation
Demo-0,tracks_2019-10-13T152655-R2.xlsx,552,BIRD,Bird,manual annotation
Demo-0,tracks_2019-10-13T152655-R2.xlsx,554,BIRD,Bird,manual annotation
Demo-0,tracks_2019-10-13T152655-R2.xlsx,553,BIRD,Bird,manual annotation
Demo-0,tracks_2019-10-13T152655-R2.xlsx,551,BIRD,Bird,manual annotation
Demo-0,tracks_2019-10-13T152655-R2.xlsx,557,MIXED,"mix of birds, people and car",manual annotation
Demo-0,tracks_2019-10-13T152655-R2.xlsx,560,MIXED,"mix of birds, people and car",manual annotation
Demo-0,tracks_2019-10-13T152655-R2.xlsx,561,MIXED,"mix of birds, people and car",manual annotation
Demo-0,tracks_2019-10-13T152655-R2.xlsx,562,MIXED,"mix of birds, people and car",manual annotation
Demo-0,tracks_2019-10-13T152655-R2.xlsx,568,MIXED,"mix of birds, people and car",manual annotation
Demo-0,tracks_2019-10-13T152655-R2.xlsx,569,MIXED,"mix of birds, people and car",manual annotation
Demo-0,tracks_2019-10-13T152655-R2.xlsx,567,MIXED,"mix of birds, people and car",manual annotation
Demo-0,tracks_2019-10-13T152655-R2.xlsx,574,MIXED,"mix of birds, people and car",manual annotation
Demo-0,tracks_2019-10-13T152655-R2.xlsx,579,MIXED,"mix of birds, people and car",manual annotation
Demo-0,tracks_2019-10-13T152655-R2.xlsx,570,MIXED,"mix of birds, people and car",manual annotation
Demo-0,tracks_2019-10-13T152655-R2.xlsx,585,MIXED,"mix of birds, people and car",manual annotation
Demo-0,tracks_2019-10-13T152655-R2.xlsx,597,MIXED,"mix of birds, people and car",manual annotation
Demo-0,tracks_2019-10-13T152655-R2.xlsx,602,MIXED,"mix of birds, people and car",manual annotation
Demo-0,tracks_2019-10-13T152655-R2.xlsx,603,MIXED,"mix of birds, people and car",manual annotation
Demo-0,tracks_2019-10-13T152655-R2.xlsx,611,MIXED,"mix of birds, people and car",manual annotation
Demo-0,tracks_2019-10-13T152655-R2.xlsx,617,MIXED,"mix of birds, people and car",manual annotation
Demo-0,tracks_2019-10-13T152655-R2.xlsx,616,MIXED,"mix of birds, people and car",manual annotation
Demo-0,tracks_2019-10-13T152655-R2.xlsx,612,BIRD,Bird,manual annotation
Demo-0,tracks_2019-10-13T152655-R2.xlsx,623,MIXED,"mix of birds, people and car",manual annotation
Demo-0,tracks_2019-10-13T152655-R2.xlsx,629,BIRD,Bird,manual annotation
Demo-0,tracks_2019-10-13T152655-R2.xlsx,635,BIRD,Bird,manual annotation
Demo-0,tracks_2019-10-13T152655-R2.xlsx,639,BIRD,Bird,manual annotation
Demo-0,tracks_2019-10-13T152655-R2.xlsx,649,BIRD,Bird,manual annotation
Demo-0,tracks_2019-10-13T152655-R2.xlsx,658,MIXED,"mix of birds, people and car",manual annotation
Demo-0,tracks_2019-10-13T152655-R2.xlsx,659,MIXED,"mix of birds, people and car",manual annotation
Demo-0,tracks_2019-10-13T152655-R2.xlsx,690,BIRD,Bird,manual annotation
Demo-0,tracks_2019-10-13T152655-R2.xlsx,694,BIRD,Bird,manual annotation
Demo-0,tracks_2019-10-13T152655-R2.xlsx,700,BIRD,Bird,manual annotation
Demo-0,tracks_2019-10-13T152655-R2.xlsx,701,BIRD,Bird,manual annotation
Demo-0,tracks_2019-10-13T152655-R2.xlsx,711,BIRD,Bird,manual annotation
Demo-0,tracks_2019-10-13T152655-R2.xlsx,712,BIRD,Bird,manual annotation
Demo-0,tracks_2019-10-13T152655-R2.xlsx,724,MIXED,"mix of birds, people and car",manual annotation
Demo-0,tracks_2019-10-13T152655-R2.xlsx,769,BIRD,Bird,manual annotation
Demo-0,tracks_2019-10-13T152655-R2.xlsx,783,BIRD,Bird,manual annotation
Demo-0,tracks_2019-10-13T152655-R2.xlsx,789,BIRD,Bird,manual annotation
Demo-0,tracks_2019-10-13T152655-R2.xlsx,788,BIRD,Bird,manual annotation
Demo-0,tracks_2019-10-13T152655-R2.xlsx,776,BIRD,Bird,manual annotation
Demo-0,tracks_2019-10-13T152655-R2.xlsx,785,BIRD,Bird,manual annotation
Demo-0,tracks_2019-10-13T152655-R2.xlsx,801,BIRD,Bird,manual annotation
Demo-0,tracks_2019-10-13T152655-R2.xlsx,819,BIRD,Bird,manual annotation
Demo-0,tracks_2019-10-13T152655-R2.xlsx,818,BIRD,Bird,manual annotation
Demo-0,tracks_2019-10-13T152655-R2.xlsx,820,BIRD,Bird,manual annotation
Demo-0,tracks_2019-10-13T152655-R2.xlsx,843,BIRD,Bird,manual annotation
Demo-0,tracks_2019-10-13T152655-R2.xlsx,846,MIXED,"mix of birds, people and car",manual annotation
Demo-0,tracks_2019-10-13T152655-R2.xlsx,856,BIRD,Bird,manual annotation
Demo-0,tracks_2019-10-13T152655-R2.xlsx,867,MIXED,"mix of birds, people and car",manual annotation
Demo-0,tracks_2019-10-13T152655-R2.xlsx,886,BIRD,Bird,manual annotation
Demo-0,tracks_2019-10-13T152655-R2.xlsx,889,BIRD,Bird,manual annotation
Demo-0,tracks_2019-10-13T152655-R2.xlsx,892,BIRD,Bird,manual annotation
Demo-0,tracks_2019-10-13T152655-R2.xlsx,891,BIRD,Bird,manual annotation
Demo-0,tracks_2019-10-13T152655-R2.xlsx,902,BIRD,Bird,manual annotation
Demo-0,tracks_2019-10-13T152655-R2.xlsx,907,MIXED,"mix of birds, people and car",manual annotation
Demo-0,tracks_2019-10-13T152655-R2.xlsx,904,BIRD,Bird,manual annotation
Demo-0,tracks_2019-10-13T152655-R2.xlsx,915,BIRD,Bird,manual annotation
Demo-0,tracks_2019-10-13T152655-R2.xlsx,916,BIRD,Bird,manual annotation
Demo-0,tracks_2019-10-13T152655-R2.xlsx,919,BIRD,Bird,manual annotation
Demo-0,tracks_2019-10-13T152655-R2.xlsx,921,BIRD,Bird,manual annotation
Demo-0,tracks_2019-10-13T152655-R2.xlsx,923,BIRD,Bird,manual annotation
Demo-0,tracks_2019-10-13T152655-R2.xlsx,895,BIRD,Bird,manual annotation
Demo-0,tracks_2019-10-13T152655-R2.xlsx,925,BIRD,Bird,manual annotation
Demo-0,tracks_2019-10-13T152655-R2.xlsx,908,BIRD,Bird,manual annotation
Demo-0,tracks_2019-10-13T152655-R2.xlsx,935,BIRD,Bird,manual annotation
Demo-0,tracks_2019-10-13T152655-R2.xlsx,933,BIRD,Bird,manual annotation
Demo-0,tracks_2019-10-13T152655-R2.xlsx,927,BIRD,Bird,manual annotation
Demo-0,tracks_2019-10-13T152655-R2.xlsx,952,BIRD,Bird,manual annotation
Demo-0,tracks_2019-10-13T152655-R2.xlsx,960,BIRD,Bird,manual annotation
Demo-0,tracks_2019-10-13T152655-R2.xlsx,959,BIRD,Bird,manual annotation
Demo-0,tracks_2019-10-13T152655-R2.xlsx,969,BIRD,Bird,manual annotation
Demo-0,tracks_2019-10-13T152655-R2.xlsx,974,BIRD,Bird,manual annotation
Demo-0,tracks_2019-10-13T152655-R2.xlsx,984,BIRD,Bird,manual annotation
Demo-0,tracks_2019-10-13T152655-R2.xlsx,987,BIRD,Bird,manual annotation
Demo-0,tracks_2019-10-13T152655-R2.xlsx,989,BIRD,Bird,manual annotation
Demo-0,tracks_2019-10-13T152655-R2.xlsx,990,BIRD,Bird,manual annotation
Demo-0,tracks_2019-10-13T152655-R2.xlsx,999,BIRD,Bird,manual annotation
Demo-0,tracks_2019-10-13T152655-R2.xlsx,1000,BIRD,Bird,manual annotation
Demo-0,tracks_2019-10-13T152655-R2.xlsx,973,BIRD,Bird,manual annotation
Demo-0,tracks_2019-10-13T152655-R2.xlsx,981,BIRD,Bird,manual annotation
Demo-0,tracks_2019-10-13T152655-R2.xlsx,1007,BIRD,Bird,manual annotation
Demo-0,tracks_2019-10-13T152655-R2.xlsx,1005,BIRD,Bird,manual annotation
Demo-0,tracks_2019-10-13T152655-R2.xlsx,1028,BIRD,Bird,manual annotation
Demo-0,tracks_2019-10-13T152655-R2.xlsx,1039,BIRD,Bird,manual annotation
Demo-0,tracks_2019-10-13T152655-R2.xlsx,1043,BIRD,Bird,manual annotation
Demo-0,tracks_2019-10-13T152655-R2.xlsx,1029,BIRD,Bird,manual annotation
Demo-0,tracks_2019-10-13T152655-R2.xlsx,1065,BIRD,Bird,manual annotation
Demo-0,tracks_2019-10-13T152655-R2.xlsx,1073,BIRD,Bird,manual annotation
Demo-0,tracks_2019-10-13T152655-R2.xlsx,1076,BIRD,Bird,manual annotation
Demo-0,tracks_2019-10-13T152655-R2.xlsx,1077,BIRD,Bird,manual annotation
Demo-0,tracks_2019-10-13T152655-R2.xlsx,1080,BIRD,Bird,manual annotation
Demo-0,tracks_2019-10-13T152655-R2.xlsx,1084,BIRD,Bird,manual annotation
Demo-0,tracks_2019-10-13T152655-R2.xlsx,1098,BIRD,Bird,manual annotation
Demo-0,tracks_2019-10-13T152655-R2.xlsx,1102,BIRD,Bird,manual annotation
Demo-0,tracks_2019-10-13T152655-R2.xlsx,1119,BIRD,Bird,manual annotation
Demo-0,tracks_2019-10-13T152655-R2.xlsx,1138,BIRD,Bird,manual annotation
Demo-0,tracks_2019-10-13T152655-R2.xlsx,1140,BIRD,Bird,manual annotation
Demo-0,tracks_2019-10-13T152655-R2.xlsx,1159,BIRD,Bird,manual annotation
Demo-0,tracks_2019-10-13T152655-R2.xlsx,1158,BIRD,Bird,manual annotation
Demo-0,tracks_2019-10-13T152655-R2.xlsx,1218,BIRD,Bird,manual annotation
Demo-0,tracks_2019-10-13T152655-R2.xlsx,1241,BIRD,Bird,manual annotation
Demo-0,tracks_2019-10-13T152655-R2.xlsx,1240,BIRD,Bird,manual annotation
Demo-0,tracks_2019-10-13T152655-R2.xlsx,1262,BIRD,Bird,manual annotation
Demo-0,tracks_2019-10-13T152655-R2.xlsx,1284,BIRD,Bird,manual annotation
Demo-0,tracks_2019-10-13T152655-R2.xlsx,1292,BIRD,Bird,manual annotation
Demo-0,tracks_2019-10-13T152655-R2.xlsx,1315,UAV,UAV,manual annotation
Demo-0,tracks_2019-10-13T152655-R2.xlsx,1346,BIRD,Bird,manual annotation
Demo-0,tracks_2019-10-13T152655-R2.xlsx,1347,BIRD,Bird,manual annotation
Demo-0,tracks_2019-10-13T152655-R2.xlsx,1384,BIRD,Bird,manual annotation
Demo-0,tracks_2019-10-13T152655-R2.xlsx,1473,BIRD,Bird,manual annotation
Demo-0,tracks_2019-10-13T152655-R2.xlsx,1474,BIRD,Bird,manual annotation
Demo-0,tracks_2019-10-13T152655-R2.xlsx,1481,BIRD,Bird,manual annotation
Demo-0,tracks_2019-10-13T152655-R2.xlsx,1482,BIRD,Bird,manual annotation
Demo-0,tracks_2019-10-13T152655-R2.xlsx,1486,BIRD,Bird,manual annotation
Demo-0,tracks_2019-10-13T152655-R2.xlsx,1489,BIRD,Bird,manual annotation
Demo-0,tracks_2019-10-13T152655-R2.xlsx,1492,BIRD,Bird,manual annotation
Demo-0,tracks_2019-10-13T152655-R2.xlsx,1495,BIRD,Bird,manual annotation
Demo-0,tracks_2019-10-13T152655-R2.xlsx,1500,BIRD,Bird,manual annotation
Demo-0,tracks_2019-10-13T152655-R2.xlsx,1509,BIRD,Bird,manual annotation
Demo-0,tracks_2019-10-13T152655-R2.xlsx,1542,BIRD,Bird,manual annotation
Demo-0,tracks_2019-10-13T152655-R2.xlsx,1537,BIRD,Bird,manual annotation
Demo-0,tracks_2019-10-13T152655-R2.xlsx,1545,BIRD,Bird,manual annotation
Demo-0,tracks_2019-10-13T152655-R2.xlsx,1551,BIRD,Bird,manual annotation
Demo-0,tracks_2019-10-13T152655-R2.xlsx,1548,BIRD,Bird,manual annotation
Demo-0,tracks_2019-10-13T152655-R2.xlsx,1555,BIRD,Bird,manual annotation
Demo-0,tracks_2019-10-13T152655-R2.xlsx,1562,BIRD,Bird,manual annotation
Demo-0,tracks_2019-10-13T152655-R2.xlsx,1558,BIRD,Bird,manual annotation
Demo-0,tracks_2019-10-13T152655-R2.xlsx,1565,BIRD,Bird,manual annotation
Demo-0,tracks_2019-10-13T152655-R2.xlsx,1570,BIRD,Bird,manual annotation
Demo-0,tracks_2019-10-13T152655-R2.xlsx,1563,BIRD,Bird,manual annotation
Demo-0,tracks_2019-10-13T152655-R2.xlsx,1578,BIRD,Bird,manual annotation
Demo-0,tracks_2019-10-13T152655-R2.xlsx,1574,BIRD,Bird,manual annotation
Demo-0,tracks_2019-10-13T152655-R2.xlsx,1582,BIRD,Bird,manual annotation
Demo-0,tracks_2019-10-13T152655-R2.xlsx,1595,BIRD,Bird,manual annotation
Demo-0,tracks_2019-10-13T152655-R2.xlsx,1596,BIRD,Bird,manual annotation
Demo-0,tracks_2019-10-13T152655-R2.xlsx,1611,BIRD,Bird,manual annotation
Demo-0,tracks_2019-10-13T152655-R2.xlsx,1610,BIRD,Bird,manual annotation
Demo-0,tracks_2019-10-13T152655-R2.xlsx,1630,BIRD,Bird,manual annotation
Demo-0,tracks_2019-10-13T152655-R2.xlsx,1632,BIRD,Bird,manual annotation
Demo-0,tracks_2019-10-13T152655-R2.xlsx,1638,BIRD,Bird,manual annotation
Demo-0,tracks_2019-10-13T152655-R2.xlsx,1639,BIRD,Bird,manual annotation
Demo-0,tracks_2019-10-13T152655-R2.xlsx,1642,BIRD,Bird,manual annotation
Demo-0,tracks_2019-10-13T152655-R2.xlsx,1641,BIRD,Bird,manual annotation
Demo-0,tracks_2019-10-13T152655-R2.xlsx,1643,BIRD,Bird,manual annotation
Demo-0,tracks_2019-10-13T152655-R2.xlsx,1647,BIRD,Bird,manual annotation
Demo-0,tracks_2019-10-13T152655-R2.xlsx,1648,BIRD,Bird,manual annotation
Demo-0,tracks_2019-10-13T152655-R2.xlsx,1650,BIRD,Bird,manual annotation
Demo-0,tracks_2019-10-13T152655-R2.xlsx,1651,BIRD,Bird,manual annotation
Demo-0,tracks_2019-10-13T152655-R2.xlsx,1653,BIRD,Bird,manual annotation
Demo-0,tracks_2019-10-13T152655-R2.xlsx,1657,BIRD,Bird,manual annotation
Demo-0,tracks_2019-10-13T152655-R2.xlsx,1654,BIRD,Bird,manual annotation
Demo-0,tracks_2019-10-13T152655-R2.xlsx,1661,BIRD,Bird,manual annotation
Demo-0,tracks_2019-10-13T152655-R2.xlsx,1662,BIRD,Bird,manual annotation
Demo-0,tracks_2019-10-13T152655-R2.xlsx,1666,BIRD,Bird,manual annotation
Demo-0,tracks_2019-10-13T152655-R2.xlsx,1674,BIRD,Bird,manual annotation
Demo-0,tracks_2019-10-13T152655-R2.xlsx,1675,BIRD,Bird,manual annotation
Demo-0,tracks_2019-10-13T152655-R2.xlsx,1677,BIRD,Bird,manual annotation
Demo-0,tracks_2019-10-13T152655-R2.xlsx,1680,BIRD,Bird,manual annotation
Demo-0,tracks_2019-10-13T152655-R2.xlsx,1681,BIRD,Bird,manual annotation
Demo-0,tracks_2019-10-13T152655-R2.xlsx,1682,BIRD,Bird,manual annotation
Demo-0,tracks_2019-10-13T152655-R2.xlsx,1721,BIRD,Bird,manual annotation
Demo-0,tracks_2019-10-13T152655-R2.xlsx,1722,BIRD,Bird,manual annotation
Demo-0,tracks_2019-10-13T152655-R2.xlsx,1728,BIRD,Bird,manual annotation
Demo-0,tracks_2019-10-13T152655-R2.xlsx,1744,UAV,UAV,manual annotation
Demo-0,tracks_2019-10-13T152655-R2.xlsx,1837,BIRD,Bird,manual annotation
Demo-0,tracks_2019-10-13T152655-R2.xlsx,1839,BIRD,Bird,manual annotation
Demo-0,tracks_2019-10-13T152655-R2.xlsx,1844,BIRD,Bird,manual annotation
Demo-0,tracks_2019-10-13T152655-R2.xlsx,1845,BIRD,Bird,manual annotation
Demo-0,tracks_2019-10-13T152655-R2.xlsx,1848,BIRD,Bird,manual annotation
Demo-0,tracks_2019-10-13T152655-R2.xlsx,1853,BIRD,Bird,manual annotation
Demo-0,tracks_2019-10-13T152655-R2.xlsx,1854,BIRD,Bird,manual annotation
Demo-0,tracks_2019-10-13T152655-R2.xlsx,1860,BIRD,Bird,manual annotation
Demo-0,tracks_2019-10-13T152655-R2.xlsx,1862,BIRD,Bird,manual annotation
Demo-0,tracks_2019-10-13T152655-R2.xlsx,1866,BIRD,Bird,manual annotation
Demo-0,tracks_2019-10-13T152655-R2.xlsx,1874,BIRD,Bird,manual annotation
Demo-0,tracks_2019-10-13T152655-R2.xlsx,1869,BIRD,Bird,manual annotation
Demo-0,tracks_2019-10-13T152655-R2.xlsx,1879,BIRD,Bird,manual annotation
Demo-0,tracks_2019-10-13T152655-R2.xlsx,1881,BIRD,Bird,manual annotation
Demo-0,tracks_2019-10-13T152655-R2.xlsx,1877,BIRD,Bird,manual annotation
Demo-0,tracks_2019-10-13T152655-R2.xlsx,1895,BIRD,Bird,manual annotation
Demo-0,tracks_2019-10-13T152655-R2.xlsx,1902,BIRD,Bird,manual annotation
Demo-0,tracks_2019-10-13T152655-R2.xlsx,1930,UAV,UAV,manual annotation
Demo-0,tracks_2019-10-13T152655-R2.xlsx,1933,BIRD,Bird,manual annotation
Demo-0,tracks_2019-10-13T152655-R2.xlsx,1934,BIRD,Bird,manual annotation
Demo-0,tracks_2019-10-13T152655-R2.xlsx,1932,BIRD,Bird,manual annotation
Demo-0,tracks_2019-10-13T152655-R2.xlsx,2131,MIXED,"mix of birds, people and car",manual annotation
Demo-0,tracks_2019-10-13T152655-R2.xlsx,2130,MIXED,"mix of birds, people and car",manual annotation
Demo-0,tracks_2019-10-13T152655-R2.xlsx,2193,MIXED,"mix of birds, people and car",manual annotation
Demo-0,tracks_2019-10-13T152655-R2.xlsx,2195,MIXED,"mix of birds, people and car",manual annotation
Demo-0,tracks_2019-10-13T152655-R2.xlsx,2553,MIXED,"mix of birds, people and car",manual annotation
Demo-0,tracks_2019-10-13T152655-R2.xlsx,2568,MIXED,"mix of birds, people and car",manual annotation
Demo-0,tracks_2019-10-13T152655-R2.xlsx,2580,MIXED,"mix of birds, people and car",manual annotation
Demo-0,tracks_2019-10-13T152655-R2.xlsx,2642,MIXED,"mix of birds, people and car",manual annotation
Demo-0,tracks_2019-10-13T152655-R2.xlsx,2646,MIXED,"mix of birds, people and car",manual annotation
Demo-0,tracks_2019-10-13T152655-R2.xlsx,2650,MIXED,"mix of birds, people and car",manual annotation
Demo-0,tracks_2019-10-13T152655-R2.xlsx,2657,MIXED,"mix of birds, people and car",manual annotation
Demo-0,tracks_2019-10-13T152655-R2.xlsx,2672,MIXED,"mix of birds, people and car",manual annotation
Demo-0,tracks_2019-10-13T152655-R2.xlsx,2681,MIXED,"mix of birds, people and car",manual annotation
Demo-0,tracks_2019-10-13T152655-R2.xlsx,2849,MIXED,"mix of birds, people and car",manual annotation
Demo-0,tracks_2019-10-13T152655-R2.xlsx,2893,MIXED,"mix of birds, people and car",manual annotation
Demo-0,tracks_2019-10-13T152655-R2.xlsx,3078,MIXED,"mix of birds, people and car",manual annotation
Demo-0,tracks_2019-10-13T152655-R2.xlsx,3084,MIXED,"mix of birds, people and car",manual annotation
Demo-0,tracks_2019-10-13T152655-R2.xlsx,3089,HUMAN,People,manual annotation
Demo-0,tracks_2019-10-13T152655-R2.xlsx,3296,MIXED,"mix of birds, people and car",manual annotation
Demo-0,tracks_2019-10-13T152655-R2.xlsx,3357,BIRD,Bird,manual annotation
Demo-0,tracks_2019-10-13T152655-R2.xlsx,3386,BIRD,Bird,manual annotation
Demo-0,tracks_2019-10-13T152655-R2.xlsx,3403,BIRD,Bird,manual annotation
Demo-0,tracks_2019-10-13T152655-R2.xlsx,3402,MIXED,"mix of birds, people and car",manual annotation
Demo-0,tracks_2019-10-13T152655-R2.xlsx,3413,BIRD,Bird,manual annotation
Demo-0,tracks_2019-10-13T152655-R2.xlsx,3426,BIRD,Bird,manual annotation
Demo-0,tracks_2019-10-13T152655-R2.xlsx,3471,MIXED,"mix of birds, people and car",manual annotation
Demo-0,tracks_2019-10-13T152655-R2.xlsx,3475,BIRD,Bird,manual annotation
Demo-0,tracks_2019-10-13T152655-R2.xlsx,3523,BIRD,Bird,manual annotation
Demo-0,tracks_2019-10-13T152655-R2.xlsx,3553,BIRD,Bird,manual annotation
Demo-0,tracks_2019-10-13T152655-R2.xlsx,3577,BIRD,Bird,manual annotation
Demo-0,tracks_2019-10-13T152655-R2.xlsx,3585,BIRD,Bird,manual annotation
Demo-0,tracks_2019-10-13T152655-R2.xlsx,3651,BIRD,Bird,manual annotation
Demo-0,tracks_2019-10-13T152655-R2.xlsx,3676,BIRD,Bird,manual annotation
Demo-0,tracks_2019-10-13T152655-R2.xlsx,3682,BIRD,Bird,manual annotation
Demo-0,tracks_2019-10-13T152655-R2.xlsx,3699,BIRD,Bird,manual annotation
Demo-0,tracks_2019-10-13T152655-R2.xlsx,3707,MIXED,"mix of birds, people and car",manual annotation
Demo-0,tracks_2019-10-13T152655-R2.xlsx,3751,MIXED,"mix of birds, people and car",manual annotation
Demo-0,tracks_2019-10-13T152655-R2.xlsx,3755,MIXED,"mix of birds, people and car",manual annotation
Demo-0,tracks_2019-10-13T152655-R2.xlsx,3794,MIXED,"mix of birds, people and car",manual annotation
Demo-0,tracks_2019-10-13T152655-R2.xlsx,3849,MIXED,"mix of birds, people and car",manual annotation
Demo-0,tracks_2019-10-13T152655-R2.xlsx,3851,BIRD,Bird,manual annotation
Demo-0,tracks_2019-10-13T152655-R2.xlsx,3914,BIRD,Bird,manual annotation
Demo-0,tracks_2019-10-13T152655-R2.xlsx,4057,MIXED,"mix of birds, people and car",manual annotation
Demo-0,tracks_2019-10-13T152655-R2.xlsx,4092,MIXED,"mix of birds, people and car",manual annotation
Demo-0,tracks_2019-10-13T152655-R2.xlsx,4108,VEHICLE,Vehicle,manual annotation
Demo-0,tracks_2019-10-13T152655-R2.xlsx,4132,MIXED,"mix of birds, people and car",manual annotation
Demo-0,tracks_2019-10-13T152655-R2.xlsx,4144,MIXED,"mix of birds, people and car",manual annotation
Demo-0,tracks_2019-10-13T152655-R2.xlsx,4145,MIXED,"mix of birds, people and car",manual annotation
Demo-0,tracks_2019-10-13T152655-R2.xlsx,4174,MIXED,"mix of birds, people and car",manual annotation
Demo-0,tracks_2019-10-13T152655-R2.xlsx,4175,MIXED,"mix of birds, people and car",manual annotation
Demo-0,tracks_2019-10-13T152655-R2.xlsx,4180,MIXED,"mix of birds, people and car",manual annotation
Demo-0,tracks_2019-10-13T152655-R2.xlsx,4185,MIXED,"mix of birds, people and car",manual annotation
Demo-0,tracks_2019-10-13T152655-R2.xlsx,4193,MIXED,"mix of birds, people and car",manual annotation
Demo-0,tracks_2019-10-13T152655-R2.xlsx,4194,MIXED,"mix of birds, people and car",manual annotation
Demo-0,tracks_2019-10-13T152655-R2.xlsx,4201,MIXED,"mix of birds, people and car",manual annotation
Demo-0,tracks_2019-10-13T152655-R2.xlsx,4207,MIXED,"mix of birds, people and car",manual annotation
Demo-0,tracks_2019-10-13T152655-R2.xlsx,4259,MIXED,"mix of birds, people and car",manual annotation
Demo-0,tracks_2019-10-13T152655-R2.xlsx,4263,MIXED,"mix of birds, people and car",manual annotation
Demo-0,tracks_2019-10-13T152655-R2.xlsx,4267,MIXED,"mix of birds, people and car",manual annotation
Demo-0,tracks_2019-10-13T152655-R2.xlsx,4271,MIXED,"mix of birds, people and car",manual annotation
Demo-0,tracks_2019-10-13T152655-R2.xlsx,4276,VEHICLE,Vehicle,manual annotation
Demo-0,tracks_2019-10-13T152655-R2.xlsx,4280,VEHICLE,Vehicle,manual annotation
Demo-0,tracks_2019-10-13T152655-R2.xlsx,4281,MIXED,"mix of birds, people and car",manual annotation
Demo-0,tracks_2019-10-13T152655-R2.xlsx,4303,MIXED,"mix of birds, people and car",manual annotation
Demo-0,tracks_2019-10-13T152655-R2.xlsx,4307,MIXED,"mix of birds, people and car",manual annotation
Demo-0,tracks_2019-10-13T152655-R2.xlsx,4375,MIXED,"mix of birds, people and car",manual annotation
Demo-0,tracks_2019-10-13T152655-R2.xlsx,4380,MIXED,"mix of birds, people and car",manual annotation
Demo-0,tracks_2019-10-13T152655-R2.xlsx,4384,VEHICLE,Vehicle,manual annotation
Demo-0,tracks_2019-10-13T152655-R2.xlsx,4388,MIXED,"mix of birds, people and car",manual annotation
Demo-0,tracks_2019-10-13T152655-R2.xlsx,4389,MIXED,"mix of birds, people and car",manual annotation
Demo-0,tracks_2019-10-13T152655-R2.xlsx,4390,MIXED,"mix of birds, people and car",manual annotation
Demo-0,tracks_2019-10-13T152655-R2.xlsx,4401,MIXED,"mix of birds, people and car",manual annotation
Demo-0,tracks_2019-10-13T152655-R2.xlsx,4404,MIXED,"mix of birds, people and car",manual annotation
Demo-0,tracks_2019-10-13T152655-R2.xlsx,4646,BIRD,Bird,manual annotation
Demo-0,tracks_2019-10-13T152655-R2.xlsx,4689,HUMAN,People,manual annotation
Demo-0,tracks_2019-10-13T152655-R2.xlsx,4757,BIRD,Bird,manual annotation
Demo-0,tracks_2019-10-13T152655-R2.xlsx,4772,BIRD,Bird,manual annotation
Demo-0,tracks_2019-10-13T152655-R2.xlsx,4926,VEHICLE,Vehicle,manual annotation
Demo-0,tracks_2019-10-13T152655-R2.xlsx,5073,MIXED,"mix of birds, people and car",manual annotation
Demo-0,tracks_2019-10-13T152655-R2.xlsx,5081,MIXED,"mix of birds, people and car",manual annotation
Demo-0,tracks_2019-10-13T152655-R2.xlsx,5105,MIXED,"mix of birds, people and car",manual annotation
Demo-0,tracks_2019-10-13T152655-R2.xlsx,5107,MIXED,"mix of birds, people and car",manual annotation
Demo-0,tracks_2019-10-13T152655-R2.xlsx,5129,MIXED,"mix of birds, people and car",manual annotation
Demo-0,tracks_2019-10-13T152655-R2.xlsx,5158,BIRD,Bird,manual annotation
Demo-0,tracks_2019-10-13T152655-R2.xlsx,5302,MIXED,"mix of birds, people and car",manual annotation
Demo-0,tracks_2019-10-13T152655-R2.xlsx,5305,HUMAN,People,manual annotation
Demo-0,tracks_2019-10-13T152655-R2.xlsx,5341,MIXED,"mix of birds, people and car",manual annotation
Demo-0,tracks_2019-10-13T152655-R2.xlsx,5384,BIRD,Bird,manual annotation
Demo-0,tracks_2019-10-13T152655-R2.xlsx,5396,MIXED,"mix of birds, people and car",manual annotation
Demo-0,tracks_2019-10-13T152655-R2.xlsx,5446,MIXED,"mix of birds, people and car",manual annotation
Demo-0,tracks_2019-10-13T152655-R2.xlsx,5472,BIRD,Bird,manual annotation
Demo-0,tracks_2019-10-13T152655-R2.xlsx,5615,MIXED,"mix of birds, people and car",manual annotation
Demo-0,tracks_2019-10-13T152655-R2.xlsx,5690,MIXED,"mix of birds, people and car",manual annotation
Demo-0,tracks_2019-10-13T152655-R2.xlsx,5795,HUMAN,People,manual annotation
Demo-0,tracks_2019-10-13T152655-R2.xlsx,5839,MIXED,"mix of birds, people and car",manual annotation
Demo-0,tracks_2019-10-13T152655-R2.xlsx,5840,BIRD,Bird,manual annotation
Demo-0,tracks_2019-10-13T152655-R2.xlsx,5848,BIRD,Bird,manual annotation
Demo-0,tracks_2019-10-13T152655-R2.xlsx,5849,BIRD,Bird,manual annotation
Demo-0,tracks_2019-10-13T152655-R2.xlsx,5860,BIRD,Bird,manual annotation
Demo-0,tracks_2019-10-13T152655-R2.xlsx,5863,BIRD,Bird,manual annotation
Demo-0,tracks_2019-10-13T152655-R2.xlsx,5867,BIRD,Bird,manual annotation
Demo-0,tracks_2019-10-13T152655-R2.xlsx,5868,BIRD,Bird,manual annotation
Demo-0,tracks_2019-10-13T152655-R2.xlsx,5869,BIRD,Bird,manual annotation
Demo-0,tracks_2019-10-13T152655-R2.xlsx,5872,BIRD,Bird,manual annotation
Demo-0,tracks_2019-10-13T152655-R2.xlsx,5874,BIRD,Bird,manual annotation
Demo-0,tracks_2019-10-13T152655-R2.xlsx,5875,BIRD,Bird,manual annotation
Demo-0,tracks_2019-10-13T152655-R2.xlsx,5876,BIRD,Bird,manual annotation
Demo-0,tracks_2019-10-13T152655-R2.xlsx,5877,BIRD,Bird,manual annotation
Demo-0,tracks_2019-10-13T152655-R2.xlsx,5883,BIRD,Bird,manual annotation
Demo-0,tracks_2019-10-13T152655-R2.xlsx,5884,BIRD,Bird,manual annotation
Demo-0,tracks_2019-10-13T152655-R2.xlsx,5885,BIRD,Bird,manual annotation
Demo-0,tracks_2019-10-13T152655-R2.xlsx,5879,MIXED,"mix of birds, people and car",manual annotation
Demo-0,tracks_2019-10-13T152655-R2.xlsx,5880,MIXED,"mix of birds, people and car",manual annotation
Demo-0,tracks_2019-10-13T152655-R2.xlsx,5908,MIXED,"mix of birds, people and car",manual annotation
Demo-0,tracks_2019-10-13T152655-R2.xlsx,5926,MIXED,"mix of birds, people and car",manual annotation
Demo-0,tracks_2019-10-13T152655-R2.xlsx,5942,MIXED,"mix of birds, people and car",manual annotation
Demo-0,tracks_2019-10-13T152655-R2.xlsx,5944,MIXED,"mix of birds, people and car",manual annotation
Demo-0,tracks_2019-10-13T152655-R2.xlsx,5968,MIXED,"mix of birds, people and car",manual annotation
Demo-0,tracks_2019-10-13T152655-R2.xlsx,6471,BIRD,Bird,manual annotation
Demo-0,tracks_2019-10-13T152655-R2.xlsx,6639,MIXED,"mix of birds, people and car",manual annotation
Demo-0,tracks_2019-10-13T152655-R2.xlsx,6733,MIXED,"mix of birds, people and car",manual annotation
Demo-0,tracks_2019-10-13T152655-R2.xlsx,6779,MIXED,"mix of birds, people and car",manual annotation
Demo-0,tracks_2019-10-13T152655-R2.xlsx,6786,MIXED,"mix of birds, people and car",manual annotation
Demo-0,tracks_2019-10-13T152655-R2.xlsx,6893,BIRD,Bird,manual annotation
Demo-0,tracks_2019-10-13T152655-R2.xlsx,6895,BIRD,Bird,manual annotation
Demo-0,tracks_2019-10-13T152655-R2.xlsx,6906,BIRD,Bird,manual annotation
Demo-0,tracks_2019-10-13T152655-R2.xlsx,6921,MIXED,"mix of birds, people and car",manual annotation
Demo-0,tracks_2019-10-13T152655-R2.xlsx,6922,MIXED,"mix of birds, people and car",manual annotation
Demo-0,tracks_2019-10-13T152655-R2.xlsx,6924,MIXED,"mix of birds, people and car",manual annotation
Demo-0,tracks_2019-10-13T152655-R2.xlsx,6926,MIXED,"mix of birds, people and car",manual annotation
Demo-0,tracks_2019-10-13T152655-R2.xlsx,6928,MIXED,"mix of birds, people and car",manual annotation
Demo-0,tracks_2019-10-13T152655-R2.xlsx,6930,MIXED,"mix of birds, people and car",manual annotation
Demo-0,tracks_2019-10-13T152655-R2.xlsx,6939,MIXED,"mix of birds, people and car",manual annotation
Demo-0,tracks_2019-10-13T152655-R2.xlsx,6946,MIXED,"mix of birds, people and car",manual annotation
Demo-0,tracks_2019-10-13T152655-R2.xlsx,6955,BIRD,Bird,manual annotation
Demo-0,tracks_2019-10-13T152655-R2.xlsx,7009,MIXED,"mix of birds, people and car",manual annotation
Demo-0,tracks_2019-10-13T173503-R2.xlsx,63,UAV,UAV,manual annotation
Demo-0,tracks_2019-10-13T173503-R2.xlsx,202,UAV,UAV,manual annotation
Demo-0,tracks_2019-10-13T173503-R2.xlsx,287,MIXED,"mix of birds, people and car",manual annotation
Demo-0,tracks_2019-10-13T173503-R2.xlsx,297,UAV,UAV,manual annotation
Demo-0,tracks_2019-10-13T173503-R2.xlsx,409,MIXED,"mix of birds, people and car",manual annotation
Demo-0,tracks_2019-10-13T173503-R2.xlsx,463,UAV,UAV,manual annotation
Demo-0,tracks_2019-10-13T173503-R2.xlsx,482,MIXED,"mix of birds, people and car",manual annotation
Demo-0,tracks_2019-10-13T173503-R2.xlsx,521,UAV,UAV,manual annotation
Demo-0,tracks_2019-10-13T173503-R2.xlsx,643,MIXED,"mix of birds, people and car",manual annotation
Demo-0,tracks_2019-10-13T173503-R2.xlsx,649,BIRD,Bird,manual annotation
Demo-1,DRONE_Id_06.csv,6,UAV,UAV,filename (curated extract)
Demo-1,DRONE_Id_688.csv,688,UAV,UAV,filename (curated extract)
Demo-2,Echodyne_Log_20201119_151809.xlsx,220,UAV,UAV,manual annotation
Demo-2,Echodyne_Log_20201119_151809.xlsx,575,UAV,UAV,manual annotation
Demo-2,Echodyne_Log_20201119_151809.xlsx,1055,UAV,UAV,manual annotation
Demo-2,Echodyne_Log_20201119_151809.xlsx,1540,UAV,UAV,manual annotation
Demo-2,Echodyne_Log_20201119_151809.xlsx,2068,UAV,UAV,manual annotation
Demo-2,Echodyne_Log_20201119_151809.xlsx,2973,UAV,UAV,manual annotation
Demo-2,Echodyne_Log_20201119_151809.xlsx,3101,UAV,UAV,manual annotation
Demo-2,Echodyne_Log_20201119_151809.xlsx,3335,BIRD,BIRD,manual annotation
Demo-2,Echodyne_Log_20201119_151809.xlsx,3878,UAV,UAV,manual annotation
Demo-2,Echodyne_Log_20201119_155045.xlsx,21,UAV,UAV,manual annotation
Demo-2,Echodyne_Log_20201119_155045.xlsx,428,BIRD,BIRD,manual annotation
Demo-2,Echodyne_Log_20201119_155045.xlsx,436,BIRD,BIRD,manual annotation
Demo-2,Echodyne_Log_20201119_155045.xlsx,724,BIRD,BIRD,manual annotation
Demo-2,Echodyne_Log_20201119_155045.xlsx,1754,UAV,UAV,manual annotation
Demo-2,Echodyne_Log_20201119_155045.xlsx,1969,BIRD,BIRD,manual annotation
Demo-2,Echodyne_Log_20201119_155045.xlsx,2072,BIRD,BIRD,manual annotation
Demo-2,Echodyne_Log_20201119_155045.xlsx,2187,BIRD,BIRD,manual annotation
Demo-2,Echodyne_Log_20201119_155045.xlsx,2157,BIRD,BIRD,manual annotation
Demo-2,Echodyne_Log_20201119_155045.xlsx,2315,BIRD,BIRD,manual annotation
Demo-2,Echodyne_Log_20201119_155045.xlsx,2310,UAV,UAV,manual annotation
Demo-2,Echodyne_Log_20201119_155045.xlsx,2411,BIRD,BURD,manual annotation
Demo-3,Echodyne_Log_20201218_111149.xlsx,46,UAV,UAV,manual annotation
Demo-3,Echodyne_Log_20201218_111149.xlsx,65,UAV,UAV,manual annotation
Demo-3,Echodyne_Log_20201218_112525.xlsx,13,UAV,UAV,manual annotation
Demo-3,Echodyne_Log_20201218_112525.xlsx,20,BIRD,BIRD,manual annotation
Demo-3,Echodyne_Log_20201218_112525.xlsx,59,UAV,UAV,manual annotation
Demo-3,Echodyne_Log_20201218_112525.xlsx,187,UAV,UAV,manual annotation
Demo-3,Echodyne_Log_20201218_112525.xlsx,189,UAV,UAV,manual annotation
Demo-3,Echodyne_Log_20201218_112525.xlsx,193,UAV,UAV,manual annotation
Demo-3,Echodyne_Log_20201218_145654.xlsx,56,UAV,UAV,manual annotation
Demo-3,Echodyne_Log_20201218_145654.xlsx,87,BIRD,BIRD,manual annotation
Demo-3,Echodyne_Log_20201218_145654.xlsx,155,UAV,UAV,manual annotation
Demo-3,Echodyne_Log_20201218_145654.xlsx,195,HUMAN,HUMAN/DOG,manual annotation
Demo-3,Echodyne_Log_20201218_150833.xlsx,23,UAV,UAV,manual annotation
Demo-3,Echodyne_Log_20201218_150833.xlsx,81,VEHICLE,CAR,manual annotation
Demo-3,Echodyne_Log_20201218_150833.xlsx,91,UAV,UAV,manual annotation
Demo-3,Echodyne_Log_20201218_150833.xlsx,93,UAV,UAV,manual annotation
Demo-3,Echodyne_Log_20201218_150833.xlsx,148,UAV,UAV,manual annotation
Demo-3,Echodyne_Log_20201218_150833.xlsx,175,VEHICLE,SMALL 4x4,manual annotation
Demo-3,Echodyne_Log_20201218_150833.xlsx,180,VEHICLE,SMALL 4x4,manual annotation
Demo-3,Echodyne_Log_20201218_150833.xlsx,186,UAV,UAV,manual annotation
Demo-3,Echodyne_Log_20201218_150833.xlsx,207,UAV,UAV,manual annotation
Demo-3,Echodyne_Log_20201218_150833.xlsx,261,VEHICLE,TRUCK,manual annotation
Demo-3,Echodyne_Log_20201218_150833.xlsx,364,VEHICLE,SMALL 4x4,manual annotation
Demo-4,Echodyne_Log_20210226_111823_UAV_1073.csv,193,UAV,UAV,filename (curated extract)
Demo-4,Echodyne_Log_20210226_111823_UAV_108.csv,590,UAV,UAV,filename (curated extract)
Demo-4,Echodyne_Log_20210226_121014_TRUCK_1259.csv,10,VEHICLE,TRUCK,filename (curated extract)
Demo-4,Echodyne_Log_20210226_121014_TRUCK_1259.csv,17,VEHICLE,TRUCK,filename (curated extract)
Demo-4,Echodyne_Log_20210226_121014_TRUCK_1259.csv,142,VEHICLE,TRUCK,filename (curated extract)
Demo-4,Echodyne_Log_20210226_121014_UAV_1371.csv,1925,UAV,UAV,filename (curated extract)
Demo-4,Echodyne_Log_20210226_121014_UAV_1437.csv,5825,UAV,UAV,filename (curated extract)
Demo-4,Echodyne_Log_20210226_121014_UAV_661.csv,6,UAV,UAV,filename (curated extract)
Demo-4,Echodyne_Log_20210226_142133_UAV_3787.csv,85194,UAV,UAV,filename (curated extract)
Demo-4,Echodyne_Log_20210226_142133_UAV_4427.csv,103326,UAV,UAV,filename (curated extract)
Demo-5,Echodyne_Log_20210310_102553.xlsx,6,UAV,UAV,manual annotation
Demo-5,Echodyne_Log_20210310_150225.xlsx,8,UAV,UAV,manual annotation
Demo-5,Echodyne_Log_20210310_150225.xlsx,47,UAV,UAV,manual annotation
Demo-5,Echodyne_Log_20210310_150225.xlsx,51,UAV,UAV,manual annotation
Demo-6,Echodyne_Log_20210318_100525.xlsx,3,UAV,UAV,manual annotation
Demo-6,Echodyne_Log_20210318_100525.xlsx,4,BIRD,BIRD,manual annotation
Demo-6,Echodyne_Log_20210318_101400.xlsx,10,BIRD,BIRD,manual annotation
Demo-6,Echodyne_Log_20210318_101400.xlsx,11,BIRD,BIRD,manual annotation
Demo-6,Echodyne_Log_20210318_101649.xlsx,5,BIRD,BIRD,manual annotation
Demo-6,Echodyne_Log_20210318_101845.xlsx,7,UAV,UAV,manual annotation
Demo-6,Echodyne_Log_20210318_102244.xlsx,6,UAV,UAV,manual annotation
Demo-6,Echodyne_Log_20210318_102509.xlsx,1,UAV,UAV,manual annotation
Demo-6,Echodyne_Log_20210318_102509.xlsx,41,UAV,UAV,manual annotation
Demo-6,Echodyne_Log_20210318_104500.xlsx,6,HUMAN,HUMAN,manual annotation
Demo-6,Echodyne_Log_20210318_104500.xlsx,10,HUMAN,HUMAN,manual annotation
Demo-6,Echodyne_Log_20210318_104500.xlsx,13,HUMAN,HUMAN,manual annotation
Demo-6,Echodyne_Log_20210318_104500.xlsx,15,HUMAN,HUMAN,manual annotation
Demo-6,Echodyne_Log_20210318_104500.xlsx,18,HUMAN,HUMAN,manual annotation
Demo-6,Echodyne_Log_20210318_104500.xlsx,19,HUMAN,HUMAN,manual annotation
Demo-6,Echodyne_Log_20210318_104500.xlsx,20,HUMAN,HUMAN,manual annotation
Demo-6,Echodyne_Log_20210318_104500.xlsx,22,HUMAN,HUMAN,manual annotation
Demo-6,Echodyne_Log_20210318_104500.xlsx,24,HUMAN,HUMAN,manual annotation
Demo-6,Echodyne_Log_20210318_104500.xlsx,25,HUMAN,HUMAN,manual annotation
Demo-6,Echodyne_Log_20210318_104500.xlsx,26,HUMAN,HUMAN,manual annotation
Demo-6,Echodyne_Log_20210318_104500.xlsx,29,HUMAN,HUMAN,manual annotation
Demo-6,Echodyne_Log_20210318_104500.xlsx,30,HUMAN,HUMAN,manual annotation
Demo-6,Echodyne_Log_20210318_104931.xlsx,13,HUMAN,HUMAN,manual annotation
Demo-6,Echodyne_Log_20210318_104931.xlsx,14,HUMAN,HUMAN,manual annotation
Demo-6,Echodyne_Log_20210318_104931.xlsx,20,HUMAN,HUMAN,manual annotation
Demo-6,Echodyne_Log_20210318_104931.xlsx,21,HUMAN,HUMAN,manual annotation
Demo-6,Echodyne_Log_20210318_104931.xlsx,31,UAV,UAV,manual annotation
Demo-6,Echodyne_Log_20210318_104931.xlsx,6,HUMAN,HUMAN,manual annotation
Demo-6,Echodyne_Log_20210318_104931.xlsx,8,HUMAN,HUMAN,manual annotation
Demo-6,Echodyne_Log_20210318_104931.xlsx,9,HUMAN,HUMAN,manual annotation
Demo-6,Echodyne_Log_20210318_104931.xlsx,10,HUMAN,HUMAN,manual annotation
Demo-6,Echodyne_Log_20210318_104931.xlsx,13,HUMAN,HUMAN,manual annotation
Demo-6,Echodyne_Log_20210318_104931.xlsx,15,HUMAN,HUMAN,manual annotation
Demo-6,Echodyne_Log_20210318_105543.xlsx,30,UAV,UAV,manual annotation
Demo-6,Echodyne_Log_20210318_105543.xlsx,38,UAV,UAV,manual annotation
Demo-6,Echodyne_Log_20210318_105543.xlsx,45,UAV,UAV,manual annotation
Demo-6,Echodyne_Log_20210318_105543.xlsx,87,UAV,UAV,manual annotation
Demo-6,Echodyne_Log_20210318_105543.xlsx,95,UAV,UAV,manual annotation
Demo-6,Echodyne_Log_20210318_105543.xlsx,105,BIRD,BIRD,manual annotation
Demo-6,Echodyne_Log_20210318_105543.xlsx,101,BIRD,BIRD,manual annotation
Demo-6,Echodyne_Log_20210318_105543.xlsx,118,UAV,UAV,manual annotation
Demo-6,Echodyne_Log_20210318_105543.xlsx,123,HUMAN,HUMAN,manual annotation
Demo-6,Echodyne_Log_20210318_105543.xlsx,128,HUMAN,HUMAN,manual annotation
Demo-6,Echodyne_Log_20210318_105543.xlsx,129,HUMAN,HUMAN,manual annotation
Demo-6,Echodyne_Log_20210318_105543.xlsx,131,HUMAN,HUMAN,manual annotation
Demo-6,Echodyne_Log_20210318_105543.xlsx,133,HUMAN,HUMAN,manual annotation
Demo-6,Echodyne_Log_20210318_105543.xlsx,134,HUMAN,HUMAN,manual annotation
Demo-6,Echodyne_Log_20210318_105543.xlsx,137,HUMAN,HUMAN,manual annotation
Demo-6,Echodyne_Log_20210318_105543.xlsx,143,BIRD,BIRD,manual annotation
Demo-6,Echodyne_Log_20210318_105543.xlsx,151,BIRD,BIRD,manual annotation
Demo-6,Echodyne_Log_20210318_105543.xlsx,168,UAV,UAV,manual annotation
Demo-6,Echodyne_Log_20210318_105543.xlsx,184,UAV,UAV,manual annotation
Demo-6,Echodyne_Log_20210318_105543.xlsx,189,UAV,UAV,manual annotation
Demo-6,Echodyne_Log_20210318_105543.xlsx,191,UAV,UAV,manual annotation
Demo-6,Echodyne_Log_20210318_105543.xlsx,194,UAV,UAV,manual annotation
Demo-6,Echodyne_Log_20210318_105543.xlsx,206,BIRD,BIRD,manual annotation
Demo-6,Echodyne_Log_20210318_105543.xlsx,196,UAV,UAV,manual annotation
Demo-6,Echodyne_Log_20210318_105543.xlsx,270,UAV,UAV,manual annotation
Demo-6,Echodyne_Log_20210318_105543.xlsx,273,UAV,UAV,manual annotation
Demo-6,Echodyne_Log_20210318_120554.xlsx,82,HUMAN,HUMAN,manual annotation
Demo-6,Echodyne_Log_20210318_120554.xlsx,83,HUMAN,HUMAN,manual annotation
Demo-6,Echodyne_Log_20210318_120554.xlsx,84,HUMAN,HUMAN,manual annotation
Demo-6,Echodyne_Log_20210318_120554.xlsx,85,HUMAN,HUMAN,manual annotation
Demo-6,Echodyne_Log_20210318_120554.xlsx,86,HUMAN,HUMAN,manual annotation
Demo-6,Echodyne_Log_20210318_120554.xlsx,101,UAV,UAV,manual annotation
Demo-6,Echodyne_Log_20210318_120554.xlsx,110,UAV,UAV,manual annotation
Demo-6,Echodyne_Log_20210318_120554.xlsx,108,UAV,UAV,manual annotation
Demo-6,Echodyne_Log_20210318_120554.xlsx,138,UAV,UAV,manual annotation
Demo-6,Echodyne_Log_20210318_120554.xlsx,139,UAV,UAV,manual annotation
Demo-6,Echodyne_Log_20210318_120554.xlsx,143,UAV,UAV,manual annotation
Demo-6,Echodyne_Log_20210318_120554.xlsx,144,UAV,UAV,manual annotation
Demo-6,Echodyne_Log_20210318_120554.xlsx,145,UAV,UAV,manual annotation
Demo-6,Echodyne_Log_20210318_120554.xlsx,147,UAV,UAV,manual annotation
Demo-6,Echodyne_Log_20210318_120554.xlsx,153,BIRD,BIRD,manual annotation
Demo-6,Echodyne_Log_20210318_120554.xlsx,156,UAV,UAV,manual annotation
Demo-6,Echodyne_Log_20210318_120554.xlsx,157,UAV,UAV,manual annotation
Demo-6,Echodyne_Log_20210318_120554.xlsx,164,UAV,UAV,manual annotation
Demo-6,Echodyne_Log_20210318_120554.xlsx,168,UAV,UAV,manual annotation
Demo-6,Echodyne_Log_20210318_120554.xlsx,172,UAV,UAV,manual annotation
Demo-6,Echodyne_Log_20210318_120554.xlsx,187,UAV,UAV,manual annotation
Demo-6,Echodyne_Log_20210318_120554.xlsx,188,UAV,UAV,manual annotation
Demo-6,Echodyne_Log_20210318_120554.xlsx,189,UAV,UAV,manual annotation
Demo-6,Echodyne_Log_20210318_120554.xlsx,191,UAV,UAV,manual annotation
Demo-6,Echodyne_Log_20210318_120554.xlsx,193,UAV,UAV,manual annotation
Demo-6,Echodyne_Log_20210318_120554.xlsx,195,UAV,UAV,manual annotation
Demo-6,Echodyne_Log_20210318_120554.xlsx,199,UAV,UAV,manual annotation
Demo-6,Echodyne_Log_20210318_120554.xlsx,270,BIRD,BIRD,manual annotation
Demo-6,Echodyne_Log_20210318_120554.xlsx,286,HUMAN,HUMAN,manual annotation
Demo-7,DRONE_Id_06.csv,6,UAV,UAV,filename (curated extract)
Demo-7,DRONE_Id_688.csv,688,UAV,UAV,filename (curated extract)
Demo-7,Echodyne_Log_20201218_112525_UAV_189.csv,16242,UAV,UAV,filename (curated extract)
Demo-7,Echodyne_Log_20201218_112525_UAV_59.csv,5504,UAV,UAV,filename (curated extract)
Demo-7,Echodyne_Log_20201218_123830_UAV_347.csv,10639,UAV,UAV,filename (curated extract)
Demo-7,Echodyne_Log_20210226_111823_UAV_1073.csv,193,UAV,UAV,filename (curated extract)
Demo-7,Echodyne_Log_20210226_111823_UAV_108.csv,590,UAV,UAV,filename (curated extract)
Demo-7,Echodyne_Log_20210226_121014_UAV_1371.csv,1925,UAV,UAV,filename (curated extract)
Demo-7,Echodyne_Log_20210226_121014_UAV_1437.csv,5825,UAV,UAV,filename (curated extract)
Demo-7,Echodyne_Log_20210226_121014_UAV_661.csv,6,UAV,UAV,filename (curated extract)
Demo-7,Echodyne_Log_20210226_142133_UAV_3787.csv,85194,UAV,UAV,filename (curated extract)
Demo-7,Echodyne_Log_20210226_142133_UAV_4427.csv,103326,UAV,UAV,filename (curated extract)
Demo-7,Echodyne_Log_20210310_102918_UAV_131.csv,818,UAV,UAV,filename (curated extract)
Demo-7,Echodyne_Log_20210310_110210_UAV_2846.csv,4931,UAV,UAV,filename (curated extract)
Demo-7,Echodyne_Log_20210310_110210_UAV_3022.csv,8052,UAV,UAV,filename (curated extract)
Demo-7,Echodyne_Log_20210310_152451_UAV_856.csv,3396,UAV,UAV,filename (curated extract)
Demo-7,Echodyne_Log_20210310_152451_UAV_871.csv,3572,UAV,UAV,filename (curated extract)
Demo-7,Echodyne_Log_20210318_102509_UAV_1.csv,0,UAV,UAV,filename (curated extract)
Demo-7,Echodyne_Log_20210318_105543_UAV_196.csv,5780,UAV,UAV,filename (curated extract)
Demo-7,Echodyne_Log_20210318_105543_UAV_196.csv,6508,UAV,UAV,filename (curated extract)
Demo-7,Echodyne_Log_20210318_105543_UAV_196.csv,6602,UAV,UAV,filename (curated extract)
Demo-7,Echodyne_Log_20210318_105543_UAV_95.csv,1091,UAV,UAV,filename (curated extract)
Demo-7,Echodyne_Log_20210318_120554_UAV_138.csv,11489,UAV,UAV,filename (curated extract)
